time_s,side,peak_crank,interval_s,strokes_per_min,valid_interval
19.04422236250249,Right,24.022097642032385,,,False
19.6942223625025,Left,33.09333336943796,,,False
20.29422236250251,Right,22.36201929399226,1.2500000000000178,47.99999999999932,True
20.894222362502518,Left,30.144686296730118,1.200000000000017,49.99999999999929,True
21.494222362502526,Right,20.591437579772645,1.200000000000017,49.99999999999929,True
22.094222362502535,Left,25.476099352928667,1.200000000000017,49.99999999999929,True
22.644222362502543,Right,14.918429879643721,1.1500000000000163,52.17391304347752,True
23.294222362502552,Left,26.166970728834464,1.200000000000017,49.99999999999929,True
23.94422236250256,Right,17.459847486809384,1.3000000000000185,46.1538461538455,True
24.59422236250257,Left,33.14685311268876,1.3000000000000185,46.1538461538455,True
25.19422236250258,Right,21.775791476557053,1.2500000000000178,47.99999999999932,True
25.744222362502587,Left,30.293068228841292,1.1500000000000163,52.17391304347752,True
26.294222362502595,Right,22.776958677980907,1.1000000000000156,54.54545454545377,True
26.7942223625026,Left,27.5527302038442,1.050000000000015,57.14285714285633,True
27.34422236250261,Right,15.23343137459691,1.050000000000015,57.14285714285633,True
27.844222362502617,Left,25.355070722653974,1.050000000000015,57.14285714285633,True
28.394222362502624,Right,18.504170267181266,1.050000000000015,57.14285714285633,True
28.89422236250263,Left,24.85269912172298,1.050000000000015,57.14285714285633,True
29.39422236250264,Right,17.346415065286116,1.0000000000000142,59.99999999999915,True
29.994222362502647,Left,30.191248763851508,1.1000000000000156,54.54545454545377,True
30.494222362502654,Right,17.348652819089807,1.1000000000000156,54.54545454545377,True
30.99422236250266,Left,28.63202218261058,1.0000000000000142,59.99999999999915,True
31.49422236250267,Right,17.881327083836855,1.0000000000000142,59.99999999999915,True
32.04422236250268,Left,27.517161716875762,1.0500000000000185,57.14285714285614,True
32.54422236250268,Right,15.266308536167273,1.0500000000000114,57.14285714285652,True
33.044222362502694,Left,27.667931490054695,1.0000000000000142,59.99999999999915,True
33.544222362502694,Right,14.51993688301901,1.0000000000000142,59.99999999999915,True
34.1442223625027,Left,25.185373232940822,1.1000000000000085,54.54545454545412,True
34.59422236250271,Right,19.37193168522839,1.0500000000000185,57.14285714285614,True
35.14422236250272,Left,26.440796845036907,1.0000000000000142,59.99999999999915,True
35.64422236250273,Right,18.88115111849897,1.0500000000000185,57.14285714285614,True
36.194222362502735,Left,24.94292890365316,1.0500000000000185,57.14285714285614,True
36.69422236250274,Right,16.50586773519416,1.0500000000000114,57.14285714285652,True
37.244222362502754,Left,29.42380063210276,1.0500000000000185,57.14285714285614,True
37.744222362502754,Right,15.518600591017417,1.0500000000000114,57.14285714285652,True
38.24422236250277,Left,29.495185656402278,1.0000000000000142,59.99999999999915,True
38.74422236250277,Right,17.095106338488982,1.0000000000000142,59.99999999999915,True
39.24422236250278,Left,28.916046785557807,1.0000000000000142,59.99999999999915,True
39.74422236250278,Right,16.446478328773082,1.0000000000000142,59.99999999999915,True
40.244222362502796,Left,28.05175645863441,1.0000000000000142,59.99999999999915,True
40.7942223625028,Right,17.331985977493478,1.0500000000000185,57.14285714285614,True
41.29422236250281,Left,25.199648135179537,1.0500000000000114,57.14285714285652,True
41.794222362502815,Right,16.92878051537778,1.0000000000000142,59.99999999999915,True
42.34422236250282,Left,26.23010064597488,1.0500000000000114,57.14285714285652,True
42.84422236250283,Right,17.667224678866784,1.0500000000000185,57.14285714285614,True
43.34422236250283,Left,27.49201293478244,1.0000000000000142,59.99999999999915,True
43.894222362502845,Right,18.588207803400152,1.0500000000000114,57.14285714285652,True
44.39422236250285,Left,27.041655346407744,1.0500000000000185,57.14285714285614,True
44.944222362502856,Right,20.050240878051063,1.0500000000000114,57.14285714285652,True
45.44422236250287,Left,25.946052462230206,1.0500000000000185,57.14285714285614,True
45.89422236250287,Right,16.086938875676697,0.950000000000017,63.15789473684097,True
46.444222362502884,Left,31.56242086210749,1.0000000000000142,59.99999999999915,True
46.89422236250289,Right,21.516923615948826,1.0000000000000142,59.99999999999915,True
47.34422236250289,Left,28.346196635006145,0.9000000000000057,66.66666666666625,True
47.844222362502904,Right,16.515677901202327,0.950000000000017,63.15789473684097,True
48.344222362502904,Left,25.05900685492721,1.0000000000000142,59.99999999999915,True
48.84422236250292,Right,17.564791653383946,1.0000000000000142,59.99999999999915,True
49.29422236250292,Left,24.759571265221712,0.950000000000017,63.15789473684097,True
49.89422236250293,Right,15.489664557689727,1.0500000000000114,57.14285714285652,True
50.39422236250293,Left,26.41232235972896,1.1000000000000085,54.54545454545412,True
50.94422236250294,Right,18.709863887797603,1.0500000000000114,57.14285714285652,True
51.444222362502956,Left,27.360288184945574,1.0500000000000256,57.14285714285575,True
51.99422236250295,Right,19.89010123376461,1.0500000000000114,57.14285714285652,True
52.49422236250297,Left,27.77214739247097,1.0500000000000114,57.14285714285652,True
52.99422236250297,Right,14.567863845259946,1.0000000000000142,59.99999999999915,True
53.444222362502984,Left,24.63282901479664,0.950000000000017,63.15789473684097,True
53.99422236250298,Right,14.3319662414444,1.0000000000000142,59.99999999999915,True
54.494222362502995,Left,22.63886101514225,1.0500000000000114,57.14285714285652,True
55.04422236250301,Right,16.442104014921917,1.0500000000000256,57.14285714285575,True
55.54422236250301,Left,27.618685461080048,1.0500000000000114,57.14285714285652,True
56.04422236250302,Right,16.5564186059029,1.0000000000000142,59.99999999999915,True
56.59422236250302,Left,27.184592216280542,1.0500000000000114,57.14285714285652,True
57.14422236250303,Right,13.038473786547774,1.1000000000000085,54.54545454545412,True
57.69422236250304,Left,29.988387878983282,1.1000000000000227,54.54545454545342,True
58.24422236250305,Right,20.40491093086653,1.1000000000000227,54.54545454545342,True
58.694222362503055,Left,28.788579388157494,1.0000000000000142,59.99999999999915,True
59.29422236250306,Right,19.462001181715813,1.0500000000000114,57.14285714285652,True
59.744222362503066,Left,27.44075475311713,1.0500000000000114,57.14285714285652,True
60.24422236250308,Right,17.496453398608047,0.950000000000017,63.15789473684097,True
60.74422236250308,Left,26.011444777360275,1.0000000000000142,59.99999999999915,True
61.29422236250309,Right,17.425694335546893,1.0500000000000114,57.14285714285652,True
61.79422236250309,Left,25.26154322598483,1.0500000000000114,57.14285714285652,True
62.294222362503106,Right,16.38821111967625,1.0000000000000142,59.99999999999915,True
62.794222362503106,Left,28.18819816474484,1.0000000000000142,59.99999999999915,True
63.29422236250312,Right,17.82629500156954,1.0000000000000142,59.99999999999915,True
63.79422236250312,Left,23.668261057376164,1.0000000000000142,59.99999999999915,True
64.29422236250313,Right,14.709613792037448,1.0000000000000142,59.99999999999915,True
64.79422236250313,Left,26.456964280526506,1.0000000000000142,59.99999999999915,True
65.29422236250315,Right,18.057668667814863,1.0000000000000142,59.99999999999915,True
65.79422236250315,Left,28.757996423916268,1.0000000000000142,59.99999999999915,True
66.29422236250316,Right,15.095525292701009,1.0000000000000142,59.99999999999915,True
66.79422236250316,Left,25.726303986014962,1.0000000000000142,59.99999999999915,True
67.29422236250318,Right,18.492928259418488,1.0000000000000142,59.99999999999915,True
67.79422236250318,Left,24.390044149546974,1.0000000000000142,59.99999999999915,True
68.29422236250319,Right,17.753820638682704,1.0000000000000142,59.99999999999915,True
68.7442223625032,Left,26.69427254286441,0.950000000000017,63.15789473684097,True
69.24422236250321,Right,15.775212184265461,0.950000000000017,63.15789473684097,True
69.74422236250321,Left,25.69842493423464,1.0000000000000142,59.99999999999915,True
70.24422236250322,Right,17.90322278242943,1.0000000000000142,59.99999999999915,True
70.69422236250323,Left,24.36847161509262,0.950000000000017,63.15789473684097,True
71.19422236250323,Right,16.675384386093846,0.9500000000000028,63.15789473684192,True
71.69422236250324,Left,23.496678628257335,1.0000000000000142,59.99999999999915,True
72.24422236250325,Right,14.653417301061651,1.0500000000000256,57.14285714285575,True
72.74422236250325,Left,24.808888183292527,1.0500000000000114,57.14285714285652,True
73.29422236250326,Right,17.57887232127155,1.0500000000000114,57.14285714285652,True
73.74422236250327,Left,28.598081991455228,1.0000000000000142,59.99999999999915,True
74.24422236250328,Right,15.705221409451605,0.950000000000017,63.15789473684097,True
74.79422236250328,Left,26.51872341938872,1.0500000000000114,57.14285714285652,True
75.29422236250329,Right,18.031663369109836,1.0500000000000114,57.14285714285652,True
75.7442223625033,Left,29.375323491957168,0.950000000000017,63.15789473684097,True
76.24422236250331,Right,16.941191104360755,0.950000000000017,63.15789473684097,True
76.74422236250331,Left,25.088481868839764,1.0000000000000142,59.99999999999915,True
77.24422236250332,Right,16.212835485292665,1.0000000000000142,59.99999999999915,True
77.69422236250333,Left,23.796048872166914,0.950000000000017,63.15789473684097,True
78.19422236250333,Right,17.983398204327653,0.9500000000000028,63.15789473684192,True
78.64422236250334,Left,25.3421446674039,0.950000000000017,63.15789473684097,True
79.19422236250334,Right,18.829392102511935,1.0000000000000142,59.99999999999915,True
79.64422236250336,Left,27.622873147040544,1.0000000000000142,59.99999999999915,True
80.14422236250336,Right,17.430012307284013,0.950000000000017,63.15789473684097,True
80.59422236250336,Left,29.733517005854587,0.9500000000000028,63.15789473684192,True
81.09422236250337,Right,16.43012538351091,0.950000000000017,63.15789473684097,True
81.59422236250337,Left,26.060691840534012,1.0000000000000142,59.99999999999915,True
82.09422236250339,Right,19.674945856081127,1.0000000000000142,59.99999999999915,True
82.59422236250339,Left,28.24827503359895,1.0000000000000142,59.99999999999915,True
83.0942223625034,Right,19.980373670939507,1.0000000000000142,59.99999999999915,True
83.5942223625034,Left,20.790853219506083,1.0000000000000142,59.99999999999915,True
84.0442223625034,Right,14.544393237344867,0.9500000000000028,63.15789473684192,True
84.54422236250342,Left,27.52924284797591,0.950000000000017,63.15789473684097,True
85.09422236250343,Right,16.505857899393227,1.0500000000000256,57.14285714285575,True
85.49422236250344,Left,24.19568625240567,0.950000000000017,63.15789473684097,True
86.04422236250343,Right,16.87737386661189,0.9500000000000028,63.15789473684192,True
86.49422236250345,Left,26.421580447720704,1.0000000000000142,59.99999999999915,True
86.99422236250345,Right,16.876531672271554,0.950000000000017,63.15789473684097,True
87.44422236250347,Left,26.679105322108928,0.950000000000017,63.15789473684097,True
87.94422236250347,Right,13.37584037329276,0.950000000000017,63.15789473684097,True
88.44422236250347,Left,24.749042793830444,1.0,60.0,True
88.99422236250348,Right,15.036044142860458,1.0500000000000114,57.14285714285652,True
89.4442223625035,Left,26.498802151151825,1.0000000000000284,59.999999999998295,True
89.99422236250349,Right,17.628087499589675,1.0000000000000142,59.99999999999915,True
90.4942223625035,Left,27.34520634907501,1.0500000000000114,57.14285714285652,True
90.9942223625035,Right,17.040320228568994,1.0000000000000142,59.99999999999915,True
91.44422236250352,Left,27.056260844833865,0.950000000000017,63.15789473684097,True
91.99422236250352,Right,12.82538044181002,1.0000000000000142,59.99999999999915,True
92.49422236250354,Left,26.707560440957234,1.0500000000000114,57.14285714285652,True
92.99422236250354,Right,15.384993919857829,1.0000000000000142,59.99999999999915,True
93.44422236250355,Left,25.42020042106766,0.950000000000017,63.15789473684097,True
93.94422236250355,Right,14.783059540085116,0.950000000000017,63.15789473684097,True
94.49422236250356,Left,24.516227991756573,1.0500000000000114,57.14285714285652,True
94.94422236250357,Right,18.12436342528604,1.0000000000000142,59.99999999999915,True
95.44422236250358,Left,27.16261935783598,0.950000000000017,63.15789473684097,True
95.89422236250358,Right,20.86658245287954,0.950000000000017,63.15789473684097,True
96.34422236250359,Left,29.929285280238513,0.9000000000000057,66.66666666666625,True
96.84422236250359,Right,17.276605238312293,0.9500000000000028,63.15789473684192,True
97.2942223625036,Left,25.89471474084999,0.950000000000017,63.15789473684097,True
97.7942223625036,Right,14.53174715663682,0.950000000000017,63.15789473684097,True
98.29422236250362,Left,25.326053410685734,1.0000000000000142,59.99999999999915,True
98.74422236250362,Right,13.145497914816625,0.950000000000017,63.15789473684097,True
99.29422236250363,Left,23.89021746892985,1.0000000000000142,59.99999999999915,True
99.84422236250364,Right,16.86463819283312,1.1000000000000227,54.54545454545342,True
100.29422236250365,Left,27.760482965418003,1.0000000000000142,59.99999999999915,True
100.84422236250364,Right,17.30874280908448,1.0,60.0,True
101.34422236250366,Left,27.479077699610446,1.0500000000000114,57.14285714285652,True
101.84422236250367,Right,18.60271147633561,1.0000000000000284,59.999999999998295,True
102.34422236250367,Left,25.622248228519226,1.0000000000000142,59.99999999999915,True
102.84422236250367,Right,17.20021834138358,1.0,60.0,True
103.29422236250369,Left,22.286035709092626,0.950000000000017,63.15789473684097,True
103.8442223625037,Right,15.910227916059238,1.0000000000000284,59.999999999998295,True
104.2942223625037,Left,25.82328982610261,1.0000000000000142,59.99999999999915,True
104.8442223625037,Right,16.434292525257337,1.0,60.0,True
105.34422236250371,Left,26.03363833811112,1.0500000000000114,57.14285714285652,True
105.84422236250373,Right,16.996861746608612,1.0000000000000284,59.999999999998295,True
106.34422236250373,Left,25.10575957001893,1.0000000000000142,59.99999999999915,True
106.84422236250373,Right,15.170212657183754,1.0,60.0,True
107.34422236250374,Left,30.243108302075008,1.0000000000000142,59.99999999999915,True
107.79422236250375,Right,17.07366151225574,0.950000000000017,63.15789473684097,True
108.24422236250376,Left,28.910300876408616,0.9000000000000199,66.6666666666652,True
108.74422236250376,Right,19.346842126064267,0.950000000000017,63.15789473684097,True
109.19422236250377,Left,29.93023494307073,0.9500000000000028,63.15789473684192,True
109.69422236250378,Right,17.237852068305514,0.950000000000017,63.15789473684097,True
110.19422236250378,Left,25.293405812645663,1.0000000000000142,59.99999999999915,True
110.6942223625038,Right,15.499662007751173,1.0000000000000142,59.99999999999915,True
111.1442223625038,Left,24.863613162325287,0.950000000000017,63.15789473684097,True
111.69422236250381,Right,15.937296161752002,1.0000000000000142,59.99999999999915,True
112.19422236250381,Left,24.71247637295688,1.0500000000000114,57.14285714285652,True
112.69422236250382,Right,17.11453630363012,1.0000000000000142,59.99999999999915,True
113.19422236250382,Left,27.67667442976172,1.0000000000000142,59.99999999999915,True
113.69422236250384,Right,15.969900385449526,1.0000000000000142,59.99999999999915,True
114.19422236250384,Left,26.25894046101707,1.0000000000000142,59.99999999999915,True
114.64422236250385,Right,17.075458416167585,0.950000000000017,63.15789473684097,True
115.19422236250385,Left,23.065990833033325,1.0000000000000142,59.99999999999915,True
115.64422236250385,Right,14.791826216087546,1.0,60.0,True
116.14422236250387,Left,25.68331310256051,0.950000000000017,63.15789473684097,True
116.64422236250388,Right,19.462382704971,1.0000000000000284,59.999999999998295,True
117.14422236250388,Left,25.826767204944314,1.0000000000000142,59.99999999999915,True
117.6942223625039,Right,16.823785524742114,1.0500000000000114,57.14285714285652,True
118.1442223625039,Left,25.47692169829515,1.0000000000000142,59.99999999999915,True
118.69422236250391,Right,18.54793713706111,1.0000000000000142,59.99999999999915,True
119.19422236250391,Left,25.886331624841223,1.0500000000000114,57.14285714285652,True
119.69422236250392,Right,18.48207071026946,1.0000000000000142,59.99999999999915,True
120.14422236250392,Left,25.73042329754266,0.950000000000017,63.15789473684097,True
120.69422236250394,Right,16.753541943962247,1.0000000000000142,59.99999999999915,True
121.14422236250394,Left,27.03942401269403,1.0000000000000142,59.99999999999915,True
121.64422236250394,Right,16.672472112542206,0.9500000000000028,63.15789473684192,True
122.14422236250395,Left,26.726529477608796,1.0000000000000142,59.99999999999915,True
122.69422236250396,Right,13.890803799549213,1.0500000000000256,57.14285714285575,True
123.14422236250397,Left,26.03240888088077,1.0000000000000142,59.99999999999915,True
123.59422236250397,Right,16.984181614859274,0.9000000000000057,66.66666666666625,True
124.09422236250398,Left,27.662112464504894,0.950000000000017,63.15789473684097,True
124.59422236250398,Right,20.76165027964917,1.0000000000000142,59.99999999999915,True
125.094222362504,Left,25.205168489819204,1.0000000000000142,59.99999999999915,True
125.544222362504,Right,15.689950629579958,0.950000000000017,63.15789473684097,True
126.044222362504,Left,23.555458921759502,0.9500000000000028,63.15789473684192,True
126.54422236250402,Right,17.7885432346911,1.0000000000000142,59.99999999999915,True
126.99422236250402,Left,24.321807199494675,0.950000000000017,63.15789473684097,True
127.49422236250403,Right,18.785599757918003,0.950000000000017,63.15789473684097,True
128.04422236250403,Left,27.016007589896326,1.0500000000000114,57.14285714285652,True
128.49422236250405,Right,18.386947717222434,1.0000000000000142,59.99999999999915,True
128.99422236250405,Left,25.934425709868037,0.950000000000017,63.15789473684097,True
129.49422236250408,Right,18.457483836263457,1.0000000000000284,59.999999999998295,True
129.99422236250408,Left,24.50680236780916,1.0000000000000284,59.999999999998295,True
130.39422236250408,Right,17.190756750784796,0.9000000000000057,66.66666666666625,True
130.9442223625041,Left,27.572836468217293,0.950000000000017,63.15789473684097,True
131.3442223625041,Right,17.70598953092383,0.950000000000017,63.15789473684097,True
131.8442223625041,Left,24.370616970265086,0.9000000000000057,66.66666666666625,True
132.3442223625041,Right,16.397738042968662,1.0,60.0,True
132.8442223625041,Left,24.05407473290925,1.0,60.0,True
133.34422236250413,Right,17.730498749741823,1.0000000000000284,59.999999999998295,True
133.79422236250412,Left,27.084132427756252,0.950000000000017,63.15789473684097,True
134.29422236250414,Right,16.574494486839484,0.950000000000017,63.15789473684097,True
134.74422236250413,Left,23.607916679891606,0.950000000000017,63.15789473684097,True
135.24422236250413,Right,20.55775132086352,0.9499999999999886,63.15789473684286,True
135.69422236250415,Left,27.180440124772076,0.950000000000017,63.15789473684097,True
136.19422236250415,Right,16.59372912398624,0.950000000000017,63.15789473684097,True
136.64422236250417,Left,28.84047546524993,0.950000000000017,63.15789473684097,True
137.09422236250418,Right,17.85559999521722,0.9000000000000341,66.66666666666414,True
137.59422236250418,Left,23.205389030399413,0.950000000000017,63.15789473684097,True
138.04422236250417,Right,17.13298292165328,0.9499999999999886,63.15789473684286,True
138.4942223625042,Left,26.280405177655176,0.9000000000000057,66.66666666666625,True
139.0442223625042,Right,16.88719119558229,1.0000000000000284,59.999999999998295,True
139.49422236250422,Left,23.35556713013163,1.0000000000000284,59.999999999998295,True
140.0442223625042,Right,22.114858645768606,1.0,60.0,True
140.54422236250423,Left,26.431030208038266,1.0500000000000114,57.14285714285652,True
140.99422236250422,Right,16.692097413369332,0.950000000000017,63.15789473684097,True
141.44422236250423,Left,25.877835408843726,0.9000000000000057,66.66666666666625,True
141.99422236250425,Right,13.709243441446043,1.0000000000000284,59.999999999998295,True
142.49422236250425,Left,26.76134690520957,1.0500000000000114,57.14285714285652,True
142.94422236250426,Right,20.142029986418088,0.950000000000017,63.15789473684097,True
143.39422236250425,Left,27.161456717863803,0.9000000000000057,66.66666666666625,True
143.89422236250428,Right,17.089966954875003,0.950000000000017,63.15789473684097,True
144.34422236250427,Left,25.581744003664475,0.950000000000017,63.15789473684097,True
144.79422236250429,Right,18.208277588962183,0.9000000000000057,66.66666666666625,True
145.29422236250429,Left,26.781661749905044,0.950000000000017,63.15789473684097,True
145.79422236250429,Right,14.928150390236429,1.0,60.0,True
146.2442223625043,Left,22.27710285737566,0.950000000000017,63.15789473684097,True
146.7442223625043,Right,17.208880157148407,0.950000000000017,63.15789473684097,True
147.19422236250432,Left,24.891754932803703,0.950000000000017,63.15789473684097,True
147.69422236250432,Right,18.098856981356427,0.950000000000017,63.15789473684097,True
148.19422236250432,Left,25.859116737351002,1.0,60.0,True
148.69422236250432,Right,15.441650909946905,1.0,60.0,True
149.19422236250435,Left,23.161039561503088,1.0000000000000284,59.999999999998295,True
149.69422236250435,Right,17.61322139677814,1.0000000000000284,59.999999999998295,True
150.19422236250435,Left,25.49166975759092,1.0,60.0,True
150.64422236250437,Right,19.738482898412997,0.950000000000017,63.15789473684097,True
151.14422236250437,Left,27.903619537875663,0.950000000000017,63.15789473684097,True
151.64422236250437,Right,17.482824606104643,1.0,60.0,True
152.09422236250438,Left,24.43451954701589,0.950000000000017,63.15789473684097,True
152.59422236250438,Right,17.919891728875477,0.950000000000017,63.15789473684097,True
153.0442223625044,Left,25.16018060351976,0.950000000000017,63.15789473684097,True
153.3942223625044,Right,8.329655629064437,0.8000000000000114,74.99999999999893,True
154.0442223625044,Left,26.26028511576389,1.0,60.0,True
154.5442223625044,Right,16.93368068630057,1.1500000000000057,52.173913043478,True
155.04422236250443,Left,24.77234021968057,1.0000000000000284,59.999999999998295,True
155.54422236250443,Right,18.389480897406,1.0000000000000284,59.999999999998295,True
155.99422236250444,Left,25.3515119070803,0.950000000000017,63.15789473684097,True
156.54422236250446,Right,16.474396304617418,1.0000000000000284,59.999999999998295,True
157.04422236250446,Left,22.99875262376642,1.0500000000000114,57.14285714285652,True
157.54422236250446,Right,17.62162661720145,1.0,60.0,True
158.04422236250446,Left,28.23668986914695,1.0,60.0,True
158.49422236250447,Right,19.224413205983858,0.950000000000017,63.15789473684097,True
158.99422236250447,Left,29.63147961123058,0.950000000000017,63.15789473684097,True
159.54422236250448,Right,18.20046947042992,1.0500000000000114,57.14285714285652,True
159.9942223625045,Left,26.129288235412112,1.0000000000000284,59.999999999998295,True
160.4942223625045,Right,18.358480680284426,0.950000000000017,63.15789473684097,True
160.9942223625045,Left,26.765948579673488,1.0,60.0,True
161.4942223625045,Right,14.311600825519864,1.0,60.0,True
161.99422236250453,Left,27.00752576414512,1.0000000000000284,59.999999999998295,True
162.44422236250452,Right,17.806864473348266,0.950000000000017,63.15789473684097,True
162.94422236250455,Left,25.58272029720562,0.950000000000017,63.15789473684097,True
163.44422236250455,Right,19.03984279622006,1.0000000000000284,59.999999999998295,True
163.94422236250455,Left,26.75698610446642,1.0,60.0,True
164.44422236250455,Right,17.05494790925163,1.0,60.0,True
164.94422236250455,Left,31.482942896386675,1.0,60.0,True
165.44422236250458,Right,17.34786044556111,1.0000000000000284,59.999999999998295,True
165.94422236250458,Left,27.00402767548231,1.0000000000000284,59.999999999998295,True
166.3942223625046,Right,16.244585886757168,0.950000000000017,63.15789473684097,True
166.8942223625046,Left,26.441529518295546,0.950000000000017,63.15789473684097,True
167.3942223625046,Right,16.991273897806728,1.0,60.0,True
167.8442223625046,Left,29.15358114194085,0.950000000000017,63.15789473684097,True
168.3442223625046,Right,20.040084747523697,0.950000000000017,63.15789473684097,True
168.79422236250463,Left,24.920668244615435,0.950000000000017,63.15789473684097,True
169.29422236250463,Right,18.390235518211973,0.950000000000017,63.15789473684097,True
169.79422236250463,Left,27.633252501279607,1.0,60.0,True
170.29422236250463,Right,20.144919821937354,1.0,60.0,True
170.74422236250464,Left,28.74449829891683,0.950000000000017,63.15789473684097,True
171.29422236250466,Right,18.636078862003977,1.0000000000000284,59.999999999998295,True
171.74422236250467,Left,25.564702449718393,1.0000000000000284,59.999999999998295,True
172.19422236250466,Right,18.611617855270673,0.9000000000000057,66.66666666666625,True
172.64422236250468,Left,26.56108609119503,0.9000000000000057,66.66666666666625,True
173.1942223625047,Right,18.204319621480515,1.0000000000000284,59.999999999998295,True
173.64422236250468,Left,25.62095099893897,1.0,60.0,True
174.1442223625047,Right,18.09630393413317,0.950000000000017,63.15789473684097,True
174.6442223625047,Left,27.55740665168351,1.0000000000000284,59.999999999998295,True
175.19422236250472,Right,19.835925623124787,1.0500000000000114,57.14285714285652,True
175.59422236250472,Left,25.655291919860122,0.950000000000017,63.15789473684097,True
176.09422236250472,Right,16.19196730925005,0.9000000000000057,66.66666666666625,True
176.54422236250474,Left,23.47377422682649,0.950000000000017,63.15789473684097,True
177.04422236250474,Right,19.743703951516675,0.950000000000017,63.15789473684097,True
177.54422236250474,Left,29.39788287500687,1.0,60.0,True
178.04422236250474,Right,19.45545834291368,1.0,60.0,True
178.49422236250476,Left,26.217985824103227,0.950000000000017,63.15789473684097,True
178.94422236250477,Right,16.822443897167346,0.9000000000000341,66.66666666666414,True
179.39422236250476,Left,26.36003393975335,0.9000000000000057,66.66666666666625,True
179.89422236250476,Right,20.654129976488566,0.9499999999999886,63.15789473684286,True
180.34422236250478,Left,27.664581367992735,0.950000000000017,63.15789473684097,True
180.84422236250478,Right,13.43509489082031,0.950000000000017,63.15789473684097,True
181.3442223625048,Left,26.082943370413354,1.0000000000000284,59.999999999998295,True
181.8442223625048,Right,16.29437540173436,1.0000000000000284,59.999999999998295,True
182.3442223625048,Left,24.470849345453377,1.0,60.0,True
182.8442223625048,Right,18.942566883514964,1.0,60.0,True
183.3442223625048,Left,26.62447748413183,1.0,60.0,True
183.89422236250482,Right,19.024778920827657,1.0500000000000114,57.14285714285652,True
184.34422236250484,Left,28.62721239526855,1.0000000000000284,59.999999999998295,True
184.94422236250483,Right,18.36675797388761,1.0500000000000114,57.14285714285652,True
185.44422236250486,Left,28.665743227961894,1.1000000000000227,54.54545454545342,True
185.99422236250487,Right,17.546227508675052,1.0500000000000398,57.14285714285498,True
186.49422236250487,Left,25.153674649261422,1.0500000000000114,57.14285714285652,True
187.04422236250488,Right,20.502297518183518,1.0500000000000114,57.14285714285652,True
187.54422236250488,Left,26.10884616440586,1.0500000000000114,57.14285714285652,True
188.04422236250488,Right,19.985988221791548,1.0,60.0,True
188.5442223625049,Left,25.415657099174247,1.0000000000000284,59.999999999998295,True
189.0442223625049,Right,19.671058198721134,1.0000000000000284,59.999999999998295,True
189.59422236250492,Left,25.49381178198023,1.0500000000000114,57.14285714285652,True
190.0442223625049,Right,17.802949618524316,1.0,60.0,True
190.5442223625049,Left,28.534357752536334,0.9499999999999886,63.15789473684286,True
191.04422236250494,Right,19.86576170804125,1.0000000000000284,59.999999999998295,True
191.54422236250494,Left,28.198470008414205,1.0000000000000284,59.999999999998295,True
192.04422236250494,Right,19.241442646645588,1.0,60.0,True
192.54422236250497,Left,26.326855439695642,1.0000000000000284,59.999999999998295,True
193.04422236250497,Right,20.32487810114913,1.0000000000000284,59.999999999998295,True
193.54422236250497,Left,26.61154361398971,1.0,60.0,True
194.04422236250497,Right,22.97139347080928,1.0,60.0,True
194.54422236250497,Left,25.8702898781766,1.0,60.0,True
195.044222362505,Right,18.670406608984546,1.0000000000000284,59.999999999998295,True
195.544222362505,Left,27.537941606920402,1.0000000000000284,59.999999999998295,True
196.044222362505,Right,18.391868790226656,1.0,60.0,True
196.494222362505,Left,27.767613348980944,0.950000000000017,63.15789473684097,True
197.04422236250502,Right,19.139117763761032,1.0000000000000284,59.999999999998295,True
197.59422236250504,Left,26.404048707131455,1.1000000000000227,54.54545454545342,True
198.04422236250502,Right,19.314354815207196,1.0,60.0,True
198.54422236250502,Left,24.81946482990084,0.9499999999999886,63.15789473684286,True
199.09422236250504,Right,20.804015941405744,1.0500000000000114,57.14285714285652,True
199.54422236250505,Left,26.583147404521224,1.0000000000000284,59.999999999998295,True
200.09422236250506,Right,18.755061653175254,1.0000000000000284,59.999999999998295,True
200.59422236250506,Left,27.798715099528703,1.0500000000000114,57.14285714285652,True
201.09422236250506,Right,18.28214601158433,1.0,60.0,True
201.5942223625051,Left,27.774295280627918,1.0000000000000284,59.999999999998295,True
202.0942223625051,Right,18.7462796781303,1.0000000000000284,59.999999999998295,True
202.5942223625051,Left,28.509223385721054,1.0,60.0,True
203.0442223625051,Right,19.975919389234303,0.950000000000017,63.15789473684097,True
203.4942223625051,Left,28.62545508665883,0.9000000000000057,66.66666666666625,True
204.0442223625051,Right,18.73678097482376,1.0,60.0,True
204.54422236250514,Left,25.485594356346517,1.0500000000000398,57.14285714285498,True
205.04422236250514,Right,20.655366931405545,1.0000000000000284,59.999999999998295,True
205.54422236250514,Left,31.992498412185448,1.0,60.0,True
206.04422236250514,Right,21.829024407720294,1.0,60.0,True
206.49422236250516,Left,28.224080094349063,0.950000000000017,63.15789473684097,True
206.99422236250516,Right,20.703216217079838,0.950000000000017,63.15789473684097,True
207.49422236250516,Left,26.439138352613583,1.0,60.0,True
207.99422236250518,Right,19.14773258421268,1.0000000000000284,59.999999999998295,True
208.49422236250518,Left,28.085123123277107,1.0000000000000284,59.999999999998295,True
208.99422236250518,Right,18.372039538778303,1.0,60.0,True
209.49422236250518,Left,26.779411398638285,1.0,60.0,True
209.9942223625052,Right,19.607572659212178,1.0000000000000284,59.999999999998295,True
210.4942223625052,Left,26.506064419286123,1.0000000000000284,59.999999999998295,True
210.9942223625052,Right,18.157308901191026,1.0,60.0,True
211.4942223625052,Left,27.082365399293213,1.0,60.0,True
212.04422236250522,Right,21.783902331425985,1.0500000000000114,57.14285714285652,True
212.54422236250525,Left,27.909710117515157,1.0500000000000398,57.14285714285498,True
213.04422236250525,Right,17.495932238826413,1.0000000000000284,59.999999999998295,True
213.54422236250525,Left,28.13294232661952,1.0,60.0,True
214.09422236250526,Right,18.86788679693211,1.0500000000000114,57.14285714285652,True
214.54422236250525,Left,28.641099467957694,1.0,60.0,True
215.04422236250528,Right,19.5452552582065,0.950000000000017,63.15789473684097,True
215.5942223625053,Left,28.216906451303004,1.0500000000000398,57.14285714285498,True
216.0942223625053,Right,19.688138253333122,1.0500000000000114,57.14285714285652,True
216.5942223625053,Left,27.79866445455043,1.0,60.0,True
217.0942223625053,Right,20.68214793152011,1.0,60.0,True
217.59422236250532,Left,26.341901691862795,1.0000000000000284,59.999999999998295,True
218.09422236250532,Right,19.243995859315152,1.0000000000000284,59.999999999998295,True
218.5442223625053,Left,28.57026024126993,0.9499999999999886,63.15789473684286,True
219.04422236250534,Right,18.36792414353062,0.950000000000017,63.15789473684097,True
219.54422236250534,Left,27.824280110034824,1.0000000000000284,59.999999999998295,True
220.04422236250534,Right,18.296922430715675,1.0,60.0,True
220.54422236250537,Left,29.40564272212452,1.0000000000000284,59.999999999998295,True
221.04422236250537,Right,21.51754788567598,1.0000000000000284,59.999999999998295,True
221.54422236250537,Left,25.0601766356615,1.0,60.0,True
222.04422236250537,Right,17.0943815389858,1.0,60.0,True
222.54422236250537,Left,28.274935332577467,1.0,60.0,True
223.09422236250538,Right,19.892977408840387,1.0500000000000114,57.14285714285652,True
223.5942223625054,Left,28.920745470445333,1.0500000000000398,57.14285714285498,True
224.1442223625054,Right,19.857501168802717,1.0500000000000114,57.14285714285652,True
224.5942223625054,Left,28.599501275290454,1.0,60.0,True
225.14422236250542,Right,17.538287861254,1.0000000000000284,59.999999999998295,True
225.69422236250543,Left,26.915038843225965,1.1000000000000227,54.54545454545342,True
226.14422236250545,Right,20.37865804948239,1.0000000000000284,59.999999999998295,True
226.64422236250545,Left,26.60872895969059,0.950000000000017,63.15789473684097,True
227.14422236250545,Right,20.799914340795265,1.0,60.0,True
227.64422236250545,Left,26.526697243644882,1.0,60.0,True
228.14422236250545,Right,21.245314135009473,1.0,60.0,True
228.64422236250547,Left,28.368506551432365,1.0000000000000284,59.999999999998295,True
229.14422236250547,Right,19.26845567470786,1.0000000000000284,59.999999999998295,True
229.5942223625055,Left,26.36298972281994,0.950000000000017,63.15789473684097,True
230.0942223625055,Right,20.620367104573912,0.950000000000017,63.15789473684097,True
230.5942223625055,Left,26.16415899390529,1.0,60.0,True
231.0442223625055,Right,17.56255103064919,0.950000000000017,63.15789473684097,True
231.59422236250552,Left,27.82748818994653,1.0000000000000284,59.999999999998295,True
232.0442223625055,Right,22.54330640684968,1.0,60.0,True
232.59422236250552,Left,26.252680366354518,1.0,60.0,True
233.09422236250552,Right,17.281574837898088,1.0500000000000114,57.14285714285652,True
233.59422236250555,Left,26.467668554456232,1.0000000000000284,59.999999999998295,True
234.09422236250555,Right,18.84815696656075,1.0000000000000284,59.999999999998295,True
234.59422236250555,Left,30.56343123673606,1.0,60.0,True
235.09422236250555,Right,17.48392332970381,1.0,60.0,True
235.59422236250558,Left,27.2348830801311,1.0000000000000284,59.999999999998295,True
236.09422236250558,Right,18.592213742405157,1.0000000000000284,59.999999999998295,True
236.59422236250558,Left,26.783180078736727,1.0,60.0,True
237.09422236250558,Right,19.99331530501945,1.0,60.0,True
237.5942223625056,Left,31.600627689842316,1.0000000000000284,59.999999999998295,True
238.0442223625056,Right,20.887895183139186,0.950000000000017,63.15789473684097,True
238.5442223625056,Left,25.68771906132116,0.9499999999999886,63.15789473684286,True
239.04422236250562,Right,19.174076938862882,1.0000000000000284,59.999999999998295,True
239.54422236250562,Left,25.686033361549313,1.0000000000000284,59.999999999998295,True
240.04422236250562,Right,20.734211864278183,1.0,60.0,True
240.54422236250565,Left,28.183965637720565,1.0000000000000284,59.999999999998295,True
240.99422236250564,Right,23.20513641088625,0.950000000000017,63.15789473684097,True
241.54422236250565,Left,23.75859414451324,1.0,60.0,True
242.04422236250565,Right,14.5575980484767,1.0500000000000114,57.14285714285652,True
242.49422236250567,Left,27.82520384214257,0.950000000000017,63.15789473684097,True
242.99422236250567,Right,17.50912734672524,0.950000000000017,63.15789473684097,True
243.44422236250568,Left,29.624135869764963,0.950000000000017,63.15789473684097,True
243.9942223625057,Right,16.832630440411442,1.0000000000000284,59.999999999998295,True
244.44422236250568,Left,25.93038917339024,1.0,60.0,True
244.9942223625057,Right,19.16590648586195,1.0,60.0,True
245.4442223625057,Left,28.64284416219896,1.0000000000000284,59.999999999998295,True
246.0442223625057,Right,20.82651476181333,1.0500000000000114,57.14285714285652,True
246.49422236250572,Left,26.731875187167248,1.0500000000000114,57.14285714285652,True
246.99422236250572,Right,18.68943413020184,0.950000000000017,63.15789473684097,True
247.54422236250574,Left,24.42645706925655,1.0500000000000114,57.14285714285652,True
247.99422236250575,Right,19.520479156142816,1.0000000000000284,59.999999999998295,True
248.49422236250575,Left,25.060400290448417,0.950000000000017,63.15789473684097,True
248.99422236250575,Right,19.087620427763902,1.0,60.0,True
249.49422236250575,Left,28.517372304564116,1.0,60.0,True
250.04422236250576,Right,20.59964928106382,1.0500000000000114,57.14285714285652,True
250.49422236250578,Left,25.57760970722844,1.0000000000000284,59.999999999998295,True
250.9442223625058,Right,20.791403637575016,0.9000000000000341,66.66666666666414,True
251.4442223625058,Left,28.867622095830324,0.950000000000017,63.15789473684097,True
251.8942223625058,Right,22.430285508536386,0.9499999999999886,63.15789473684286,True
252.39422236250581,Left,26.124415070465638,0.950000000000017,63.15789473684097,True
252.8442223625058,Right,17.93537052485771,0.950000000000017,63.15789473684097,True
253.34422236250583,Left,24.24081936549129,0.950000000000017,63.15789473684097,True
253.84422236250583,Right,18.311207319253477,1.0000000000000284,59.999999999998295,True
254.29422236250582,Left,27.87110481062113,0.9499999999999886,63.15789473684286,True
254.79422236250585,Right,17.941531940279148,0.950000000000017,63.15789473684097,True
255.29422236250585,Left,25.328248176624243,1.0000000000000284,59.999999999998295,True
255.84422236250586,Right,16.060980640218695,1.0500000000000114,57.14285714285652,True
256.3442223625059,Left,24.532780937070942,1.0500000000000398,57.14285714285498,True
256.8942223625059,Right,21.724344212945233,1.0500000000000398,57.14285714285498,True
257.4442223625059,Left,27.056245087542653,1.1000000000000227,54.54545454545342,True
257.9442223625059,Right,19.411060043893087,1.0500000000000114,57.14285714285652,True
258.4942223625059,Left,27.569144102640784,1.0500000000000114,57.14285714285652,True
258.9942223625059,Right,18.80255793629176,1.0500000000000114,57.14285714285652,True
259.4442223625059,Left,28.68380811378763,0.9499999999999886,63.15789473684286,True
259.9442223625059,Right,18.135804066612334,0.9499999999999886,63.15789473684286,True
260.39422236250596,Left,25.16069157250491,0.9500000000000455,63.15789473683908,True
260.89422236250596,Right,16.2655233351387,0.9500000000000455,63.15789473683908,True
261.39422236250596,Left,24.369943818131144,1.0,60.0,True
261.84422236250595,Right,18.525817672857226,0.9499999999999886,63.15789473684286,True
262.39422236250596,Left,27.579741328088023,1.0,60.0,True
262.89422236250596,Right,19.430984668325596,1.0500000000000114,57.14285714285652,True
263.34422236250595,Left,26.0979864155516,0.9499999999999886,63.15789473684286,True
263.844222362506,Right,16.658724256045637,0.9500000000000455,63.15789473683908,True
264.344222362506,Left,26.350221704350748,1.0000000000000568,59.99999999999659,True
264.794222362506,Right,21.02886171003042,0.9499999999999886,63.15789473684286,True
265.344222362506,Left,24.321458761430197,1.0,60.0,True
265.794222362506,Right,21.997118851096506,1.0,60.0,True
266.344222362506,Left,26.02537682099173,1.0,60.0,True
266.79422236250605,Right,17.929785496336372,1.0000000000000568,59.99999999999659,True
267.29422236250605,Left,26.8173797662006,0.9500000000000455,63.15789473683908,True
267.74422236250604,Right,21.105680919923337,0.9499999999999886,63.15789473684286,True
268.194222362506,Left,25.95446915012561,0.8999999999999773,66.66666666666835,True
268.74422236250604,Right,17.43929789861803,1.0,60.0,True
269.1942223625061,Left,24.58136982958292,1.0000000000000568,59.99999999999659,True
269.74422236250604,Right,16.22152524181995,1.0,60.0,True
270.2442223625061,Left,25.880896589791508,1.0500000000000114,57.14285714285652,True
270.6942223625061,Right,18.49119692175008,0.9500000000000455,63.15789473683908,True
271.2442223625061,Left,26.92042764198872,1.0,60.0,True
271.7442223625061,Right,22.904545322932922,1.0500000000000114,57.14285714285652,True
272.1942223625061,Left,27.852131137537118,0.9499999999999886,63.15789473684286,True
272.7442223625061,Right,16.084045515891887,1.0,60.0,True
273.19422236250614,Left,25.694233940405695,1.0000000000000568,59.99999999999659,True
273.7442223625061,Right,17.848416737433364,1.0,60.0,True
274.19422236250614,Left,28.837425429977525,1.0,60.0,True
274.69422236250614,Right,18.926692095164498,0.9500000000000455,63.15789473683908,True
275.19422236250614,Left,20.989349490477018,1.0,60.0,True
275.74422236250615,Right,19.77240407994646,1.0500000000000114,57.14285714285652,True
276.19422236250614,Left,28.68475804594659,1.0,60.0,True
276.74422236250615,Right,20.077971561580462,1.0,60.0,True
277.24422236250615,Left,28.104580577061824,1.0500000000000114,57.14285714285652,True
277.69422236250614,Right,18.480308396490155,0.9499999999999886,63.15789473684286,True
278.1442223625062,Left,25.681148846114933,0.9000000000000341,66.66666666666414,True
278.6442223625062,Right,21.598429639015173,0.9500000000000455,63.15789473683908,True
279.1442223625062,Left,27.076300716543084,1.0,60.0,True
279.5942223625062,Right,19.339088379383405,0.9499999999999886,63.15789473684286,True
280.0942223625062,Left,26.379052570830527,0.9499999999999886,63.15789473684286,True
280.59422236250623,Right,14.952640143784677,1.0000000000000568,59.99999999999659,True
280.9942223625062,Left,24.458517078583185,0.9000000000000341,66.66666666666414,True
281.59422236250623,Right,20.963604315392065,1.0,60.0,True
282.0442223625062,Left,27.771728384124977,1.0500000000000114,57.14285714285652,True
282.5442223625062,Right,20.687003376301146,0.9499999999999886,63.15789473684286,True
282.99422236250626,Left,24.566312265785932,0.9500000000000455,63.15789473683908,True
283.49422236250626,Right,14.973158617634123,0.9500000000000455,63.15789473683908,True
283.99422236250626,Left,25.81299834349834,1.0,60.0,True
284.49422236250626,Right,17.480767237671444,1.0,60.0,True
284.94422236250625,Left,24.810700287782943,0.9499999999999886,63.15789473684286,True
285.49422236250626,Right,18.66659243492074,1.0,60.0,True
285.99422236250626,Left,24.417616081637824,1.0500000000000114,57.14285714285652,True
286.5442223625063,Right,20.057167502490017,1.0500000000000114,57.14285714285652,True
286.9942223625063,Left,24.571133257310315,1.0000000000000568,59.99999999999659,True
287.4942223625063,Right,18.078762288285184,0.9500000000000455,63.15789473683908,True
287.9942223625063,Left,28.326820738217634,1.0,60.0,True
288.4942223625063,Right,17.07774694794059,1.0,60.0,True
288.9942223625063,Left,24.073694335088778,1.0,60.0,True
289.54422236250633,Right,18.322008239731737,1.0500000000000114,57.14285714285652,True
289.9942223625063,Left,27.260637238254816,1.0,60.0,True
290.4942223625063,Right,22.061423963839985,0.9499999999999886,63.15789473684286,True
290.94422236250637,Left,25.08311855282316,0.9500000000000455,63.15789473683908,True
291.44422236250637,Right,15.20276770506868,0.9500000000000455,63.15789473683908,True
291.94422236250637,Left,25.759276606287226,1.0,60.0,True
292.44422236250637,Right,20.411773498881114,1.0,60.0,True
292.94422236250637,Left,25.93881322636002,1.0,60.0,True
293.4942223625064,Right,18.89605596668987,1.0500000000000114,57.14285714285652,True
293.94422236250637,Left,28.28526201981604,1.0,60.0,True
294.4942223625064,Right,18.375657486497794,1.0,60.0,True
294.99422236250643,Left,25.0892939733158,1.0500000000000682,57.14285714285343,True
295.49422236250643,Right,20.962275265815585,1.0000000000000568,59.99999999999659,True
296.0942223625064,Left,23.835601695965142,1.099999999999966,54.54545454545624,True
296.54422236250645,Right,21.061505730288623,1.0500000000000114,57.14285714285652,True
297.09422236250646,Left,26.02335641489956,1.0000000000000568,59.99999999999659,True
297.59422236250646,Right,19.335870943916444,1.0500000000000114,57.14285714285652,True
298.09422236250646,Left,26.204665539498194,1.0,60.0,True
298.59422236250646,Right,20.529360797700065,1.0,60.0,True
299.14422236250647,Left,23.889224696380317,1.0500000000000114,57.14285714285652,True
299.64422236250647,Right,20.874694586947374,1.0500000000000114,57.14285714285652,True
300.14422236250647,Left,27.303983643006802,1.0,60.0,True
300.64422236250647,Right,20.542729168777434,1.0,60.0,True
301.1442223625065,Left,24.545572257866933,1.0000000000000568,59.99999999999659,True
301.6442223625065,Right,19.67971612580758,1.0000000000000568,59.99999999999659,True
302.0942223625065,Left,25.166438068929118,0.9499999999999886,63.15789473684286,True
302.6442223625065,Right,17.058008113744194,1.0,60.0,True
303.0942223625065,Left,27.06222998271851,1.0,60.0,True
303.5942223625065,Right,16.388475260492626,0.9499999999999886,63.15789473684286,True
304.04422236250656,Left,24.797670427068297,0.9500000000000455,63.15789473683908,True
304.59422236250657,Right,17.36112038935377,1.0000000000000568,59.99999999999659,True
305.09422236250657,Left,27.625670955402303,1.0500000000000114,57.14285714285652,True
305.54422236250656,Right,20.787655793712922,0.9499999999999886,63.15789473684286,True
306.09422236250657,Left,28.991955676640355,1.0,60.0,True
306.59422236250657,Right,19.526879935293795,1.0500000000000114,57.14285714285652,True
307.09422236250657,Left,22.17437512298846,1.0,60.0,True
307.59422236250657,Right,19.097592136867,1.0,60.0,True
308.09422236250657,Left,24.68918258898153,1.0,60.0,True
308.5442223625066,Right,20.41057971503585,0.9500000000000455,63.15789473683908,True
309.0442223625066,Left,26.181735145669744,0.9500000000000455,63.15789473683908,True
309.5442223625066,Right,16.502930804160354,1.0,60.0,True
310.0442223625066,Left,23.996825286200853,1.0,60.0,True
310.5942223625066,Right,20.530150559719523,1.0500000000000114,57.14285714285652,True
311.0442223625066,Left,27.61989408819671,1.0,60.0,True
311.5442223625066,Right,18.625439304543086,0.9499999999999886,63.15789473684286,True
312.0942223625066,Left,25.091876305649002,1.0500000000000114,57.14285714285652,True
312.5942223625067,Right,18.221988839998847,1.0500000000000682,57.14285714285343,True
313.0942223625067,Left,25.67615958155388,1.0000000000000568,59.99999999999659,True
313.5442223625067,Right,18.36635800926719,0.9499999999999886,63.15789473684286,True
314.0442223625067,Left,26.17267999163247,0.9499999999999886,63.15789473684286,True
314.5942223625067,Right,21.07617722205477,1.0500000000000114,57.14285714285652,True
315.0442223625067,Left,27.31823618632057,1.0,60.0,True
315.54422236250673,Right,21.37203300885752,0.9500000000000455,63.15789473683908,True
315.9942223625067,Left,25.129496317749,0.9500000000000455,63.15789473683908,True
316.4442223625067,Right,17.76950049268946,0.8999999999999773,66.66666666666835,True
316.9442223625067,Left,26.44308717408064,0.9499999999999886,63.15789473684286,True
317.39422236250675,Right,16.454391057587483,0.9500000000000455,63.15789473683908,True
317.89422236250675,Left,28.4226902258903,0.9500000000000455,63.15789473683908,True
318.34422236250674,Right,19.33954174848895,0.9499999999999886,63.15789473684286,True
318.84422236250674,Left,21.60706689590043,0.9499999999999886,63.15789473684286,True
319.34422236250674,Right,15.34181511413009,1.0,60.0,True
319.84422236250674,Left,25.978860907608397,1.0,60.0,True
320.39422236250675,Right,20.34647925284639,1.0500000000000114,57.14285714285652,True
320.89422236250675,Left,26.226762279572284,1.0500000000000114,57.14285714285652,True
321.3942223625068,Right,20.413399316478042,1.0000000000000568,59.99999999999659,True
321.8942223625068,Left,26.1138481389007,1.0000000000000568,59.99999999999659,True
322.4442223625068,Right,20.834694203993482,1.0500000000000114,57.14285714285652,True
322.8942223625068,Left,25.716580750724972,1.0,60.0,True
323.4442223625068,Right,20.883104752215992,1.0,60.0,True
323.9442223625068,Left,20.432689268193617,1.0500000000000114,57.14285714285652,True
324.3942223625068,Right,18.83850876218757,0.9499999999999886,63.15789473684286,True
324.8942223625068,Left,28.902328370938744,0.9499999999999886,63.15789473684286,True
325.39422236250687,Right,21.477206350677896,1.0000000000000568,59.99999999999659,True
325.89422236250687,Left,26.996749257325934,1.0000000000000568,59.99999999999659,True
326.34422236250686,Right,18.997480345106993,0.9499999999999886,63.15789473684286,True
326.89422236250687,Left,23.113690417226465,1.0,60.0,True
327.39422236250687,Right,19.210818002938254,1.0500000000000114,57.14285714285652,True
327.89422236250687,Left,27.94201471982193,1.0,60.0,True
328.39422236250687,Right,20.83505471339254,1.0,60.0,True
328.8442223625069,Left,24.14346446703227,0.9500000000000455,63.15789473683908,True
329.3942223625069,Right,19.939969100216054,1.0000000000000568,59.99999999999659,True
329.8442223625069,Left,26.822478023926692,1.0,60.0,True
330.3942223625069,Right,18.941950535742542,1.0,60.0,True
330.8942223625069,Left,27.35576044897556,1.0500000000000114,57.14285714285652,True
331.3442223625069,Right,22.177263705439213,0.9499999999999886,63.15789473684286,True
331.8442223625069,Left,26.64312513507165,0.9499999999999886,63.15789473684286,True
332.3442223625069,Right,20.075104037607836,1.0,60.0,True
332.79422236250696,Left,23.570889985883255,0.9500000000000455,63.15789473683908,True
333.24422236250695,Right,18.046234553697847,0.9000000000000341,66.66666666666414,True
333.69422236250693,Left,25.88789225481407,0.8999999999999773,66.66666666666835,True
334.144222362507,Right,22.4927862371375,0.9000000000000341,66.66666666666414,True
334.644222362507,Left,23.28277085136684,0.9500000000000455,63.15789473683908,True
335.144222362507,Right,18.208356950579127,1.0,60.0,True
335.59422236250697,Left,22.101362978642754,0.9499999999999886,63.15789473684286,True
336.09422236250697,Right,18.672109712953166,0.9499999999999886,63.15789473684286,True
336.544222362507,Left,24.58072496334176,0.9500000000000455,63.15789473683908,True
337.044222362507,Right,18.418807223921686,0.9500000000000455,63.15789473683908,True
337.544222362507,Left,27.969170283810183,1.0,60.0,True
338.044222362507,Right,21.98842662588386,1.0,60.0,True
338.544222362507,Left,26.565642040949648,1.0,60.0,True
339.044222362507,Right,22.641111353098726,1.0,60.0,True
339.54422236250707,Left,28.120911746243316,1.0000000000000568,59.99999999999659,True
339.99422236250706,Right,22.77617464869115,0.9500000000000455,63.15789473683908,True
340.44422236250705,Left,26.464114081927438,0.8999999999999773,66.66666666666835,True
340.94422236250705,Right,17.410530365731994,0.9499999999999886,63.15789473684286,True
341.3942223625071,Left,25.864400586160077,0.9500000000000455,63.15789473683908,True
341.8442223625071,Right,20.582128428866916,0.9000000000000341,66.66666666666414,True
342.3442223625071,Left,21.974313560236695,0.9499999999999886,63.15789473684286,True
342.79422236250707,Right,14.914259934288207,0.9499999999999886,63.15789473684286,True
343.29422236250707,Left,22.01150744201336,0.9499999999999886,63.15789473684286,True
343.7442223625071,Right,19.02286068095166,0.9500000000000455,63.15789473683908,True
344.2942223625071,Left,26.492899417779114,1.0000000000000568,59.99999999999659,True
344.7942223625071,Right,20.73936660806978,1.0500000000000114,57.14285714285652,True
345.2442223625071,Left,24.565645675011517,0.9499999999999886,63.15789473684286,True
345.7442223625071,Right,17.430350429371025,0.9499999999999886,63.15789473684286,True
346.2942223625071,Left,25.740775214201285,1.0500000000000114,57.14285714285652,True
346.7442223625071,Right,18.791102776179837,1.0,60.0,True
347.2942223625071,Left,26.45994141622583,1.0,60.0,True
347.7942223625072,Right,18.95714091452742,1.0500000000000682,57.14285714285343,True
348.2442223625072,Left,26.56914592519101,0.9500000000000455,63.15789473683908,True
348.7442223625072,Right,17.283254282520403,0.9499999999999886,63.15789473684286,True
349.2942223625072,Left,25.08120598015173,1.0500000000000114,57.14285714285652,True
349.7942223625072,Right,21.301474707660656,1.0500000000000114,57.14285714285652,True
350.2442223625072,Left,23.451015661502172,0.9499999999999886,63.15789473684286,True
350.7942223625072,Right,18.351906564944052,1.0,60.0,True
351.2942223625072,Left,22.56335034126435,1.0500000000000114,57.14285714285652,True
351.79422236250724,Right,21.015871476026263,1.0000000000000568,59.99999999999659,True
352.24422236250723,Left,27.507907021797614,0.9500000000000455,63.15789473683908,True
352.74422236250723,Right,17.21332096346584,0.9499999999999886,63.15789473684286,True
353.24422236250723,Left,25.031095615767924,1.0,60.0,True
353.79422236250724,Right,19.773009096384566,1.0500000000000114,57.14285714285652,True
354.29422236250724,Left,26.950366907781813,1.0500000000000114,57.14285714285652,True
354.79422236250724,Right,23.019444990473627,1.0,60.0,True
355.29422236250724,Left,28.48294851145634,1.0,60.0,True
355.7942223625073,Right,19.822756971247077,1.0000000000000568,59.99999999999659,True
356.2442223625073,Left,26.754172917037597,0.9500000000000455,63.15789473683908,True
356.7942223625073,Right,20.48014147571243,1.0,60.0,True
357.2942223625073,Left,28.746659252081958,1.0500000000000114,57.14285714285652,True
357.7442223625073,Right,18.95199433103702,0.9499999999999886,63.15789473684286,True
358.2442223625073,Left,26.752465775192054,0.9499999999999886,63.15789473684286,True
358.74422236250734,Right,21.006434234874536,1.0000000000000568,59.99999999999659,True
359.24422236250734,Left,27.185564131406313,1.0000000000000568,59.99999999999659,True
359.74422236250734,Right,21.05963739922426,1.0,60.0,True
360.19422236250733,Left,30.004726915976807,0.9499999999999886,63.15789473684286,True
360.69422236250733,Right,18.823410076840737,0.9499999999999886,63.15789473684286,True
361.1442223625073,Left,23.949132780736818,0.9499999999999886,63.15789473684286,True
361.6442223625074,Right,20.587962531688284,0.9500000000000455,63.15789473683908,True
362.1442223625074,Left,24.67397525419067,1.0000000000000568,59.99999999999659,True
362.59422236250737,Right,19.821127155514734,0.9499999999999886,63.15789473684286,True
363.09422236250737,Left,25.962986185727846,0.9499999999999886,63.15789473684286,True
363.59422236250737,Right,19.86739243370427,1.0,60.0,True
364.09422236250737,Left,25.21103989139626,1.0,60.0,True
364.5942223625074,Right,18.868853617592396,1.0000000000000568,59.99999999999659,True
365.0442223625074,Left,26.175290284676645,0.9500000000000455,63.15789473683908,True
365.5442223625074,Right,22.362072608683203,0.9499999999999886,63.15789473684286,True
366.0942223625074,Left,24.86525401281685,1.0500000000000114,57.14285714285652,True
366.5442223625074,Right,21.095317866072357,1.0,60.0,True
367.0442223625074,Left,28.68105425340342,0.9499999999999886,63.15789473684286,True
367.49422236250746,Right,17.439396829791754,0.9500000000000455,63.15789473683908,True
368.04422236250747,Left,25.441712204377758,1.0000000000000568,59.99999999999659,True
368.54422236250747,Right,18.6601737450178,1.0500000000000114,57.14285714285652,True
368.99422236250746,Left,25.057425009872944,0.9499999999999886,63.15789473684286,True
369.54422236250747,Right,19.408673835368983,1.0,60.0,True
370.04422236250747,Left,23.681905210390223,1.0500000000000114,57.14285714285652,True
370.5942223625075,Right,22.235473375935648,1.0500000000000114,57.14285714285652,True
371.04422236250747,Left,24.22463278640533,1.0,60.0,True
371.5442223625075,Right,20.16112581988195,0.9500000000000455,63.15789473683908,True
372.0442223625075,Left,25.682615035853054,1.0000000000000568,59.99999999999659,True
372.5442223625075,Right,18.99951386986491,1.0,60.0,True
373.0442223625075,Left,23.67627139262123,1.0,60.0,True
373.59422236250754,Right,20.954016395532296,1.0500000000000114,57.14285714285652,True
374.0442223625075,Left,30.45661562954628,1.0,60.0,True
374.59422236250754,Right,20.652887778416535,1.0,60.0,True
375.0442223625075,Left,25.687507085326633,1.0,60.0,True
375.49422236250757,Right,19.458206610104256,0.9000000000000341,66.66666666666414,True
375.99422236250757,Left,26.45569764507609,0.9500000000000455,63.15789473683908,True
376.5442223625076,Right,20.414171739301167,1.0500000000000114,57.14285714285652,True
376.99422236250757,Left,26.647379782502874,1.0,60.0,True
377.49422236250757,Right,19.02782280551185,0.9499999999999886,63.15789473684286,True
377.99422236250757,Left,26.83059747402484,1.0,60.0,True
378.3942223625076,Right,19.303627921153975,0.9000000000000341,66.66666666666414,True
378.8942223625076,Left,26.11198599997461,0.9000000000000341,66.66666666666414,True
379.4442223625076,Right,20.166178961304006,1.0500000000000114,57.14285714285652,True
379.8942223625076,Left,23.564025144938466,1.0,60.0,True
380.3942223625076,Right,20.948478358654548,0.9499999999999886,63.15789473684286,True
380.9442223625076,Left,26.063246235434985,1.0500000000000114,57.14285714285652,True
381.4442223625076,Right,19.24420850438279,1.0500000000000114,57.14285714285652,True
381.9442223625076,Left,25.85534431049869,1.0,60.0,True
382.4442223625077,Right,18.658294887201414,1.0000000000000568,59.99999999999659,True
382.9442223625077,Left,28.8796382599405,1.0000000000000568,59.99999999999659,True
383.4442223625077,Right,22.889098144139663,1.0,60.0,True
383.9442223625077,Left,27.652320927194193,1.0,60.0,True
384.4442223625077,Right,18.43951792228169,1.0,60.0,True
384.9442223625077,Left,28.986256149363705,1.0,60.0,True
385.4442223625077,Right,21.02397078683181,1.0,60.0,True
385.8942223625077,Left,26.08811189574535,0.9500000000000455,63.15789473683908,True
386.3942223625077,Right,18.41613661058205,0.9500000000000455,63.15789473683908,True
386.8942223625077,Left,24.560111438370704,1.0,60.0,True
387.44422236250773,Right,19.384762972349552,1.0500000000000114,57.14285714285652,True
387.94422236250773,Left,26.820126676188902,1.0500000000000114,57.14285714285652,True
388.3942223625077,Right,21.791056947510544,0.9499999999999886,63.15789473684286,True
388.94422236250773,Left,26.947737460022687,1.0,60.0,True
389.3942223625078,Right,22.051428777146597,1.0000000000000568,59.99999999999659,True
389.94422236250773,Left,24.28064353908687,1.0,60.0,True
390.4442223625078,Right,20.149041407871113,1.0500000000000114,57.14285714285652,True
390.9942223625078,Left,26.351909302009126,1.0500000000000682,57.14285714285343,True
391.4442223625078,Right,20.498026804253794,1.0,60.0,True
391.9942223625078,Left,28.43827757694629,1.0,60.0,True
392.4942223625078,Right,21.52742603412031,1.0500000000000114,57.14285714285652,True
392.9942223625078,Left,28.357069594574806,1.0,60.0,True
393.5442223625078,Right,21.54572389555996,1.0500000000000114,57.14285714285652,True
393.9942223625078,Left,24.486640695341272,1.0,60.0,True
394.5442223625078,Right,19.231909464120818,1.0,60.0,True
394.99422236250786,Left,26.30036092209206,1.0000000000000568,59.99999999999659,True
395.49422236250786,Right,22.593630701228893,0.9500000000000455,63.15789473683908,True
396.04422236250787,Left,28.318623164312122,1.0500000000000114,57.14285714285652,True
396.49422236250786,Right,22.0139289385557,1.0,60.0,True
396.99422236250786,Left,25.038415534929737,0.9499999999999886,63.15789473684286,True
397.49422236250786,Right,21.06203645096337,1.0,60.0,True
397.99422236250786,Left,28.08725674409475,1.0,60.0,True
398.4442223625079,Right,20.49291050274777,0.9500000000000455,63.15789473683908,True
398.8942223625079,Left,26.51122006116075,0.9000000000000341,66.66666666666414,True
399.3942223625079,Right,18.022802354206057,0.9499999999999886,63.15789473684286,True
399.8942223625079,Left,22.039228554390597,1.0,60.0,True
400.3942223625079,Right,19.59180714471676,1.0,60.0,True
400.8942223625079,Left,26.80553396592266,1.0,60.0,True
401.39422236250795,Right,18.606630707563685,1.0000000000000568,59.99999999999659,True
401.89422236250795,Left,26.731119538007505,1.0000000000000568,59.99999999999659,True
402.39422236250795,Right,21.42446065450224,1.0,60.0,True
402.89422236250795,Left,26.689260148085516,1.0,60.0,True
403.39422236250795,Right,19.879811832386327,1.0,60.0,True
403.84422236250794,Left,27.345872165692764,0.9499999999999886,63.15789473684286,True
404.294222362508,Right,20.652275428821437,0.9000000000000341,66.66666666666414,True
404.74422236250797,Left,28.17585678971907,0.9000000000000341,66.66666666666414,True
405.24422236250797,Right,18.742421112011794,0.9499999999999886,63.15789473684286,True
405.69422236250796,Left,25.079058711636453,0.9499999999999886,63.15789473684286,True
406.144222362508,Right,17.734551176607805,0.9000000000000341,66.66666666666414,True
406.694222362508,Left,25.46474322257057,1.0000000000000568,59.99999999999659,True
407.144222362508,Right,17.71420734255725,1.0,60.0,True
407.694222362508,Left,26.605068334176046,1.0,60.0,True
408.144222362508,Right,23.38088175557029,1.0,60.0,True
408.644222362508,Left,29.471408194787642,0.9499999999999886,63.15789473684286,True
409.144222362508,Right,19.29707366435702,1.0,60.0,True
409.64422236250806,Left,24.694109442027546,1.0000000000000568,59.99999999999659,True
410.14422236250806,Right,21.888537514975532,1.0000000000000568,59.99999999999659,True
410.64422236250806,Left,27.91763400569631,1.0,60.0,True
411.14422236250806,Right,19.95340828826264,1.0,60.0,True
411.64422236250806,Left,22.971188097413084,1.0,60.0,True
412.14422236250806,Right,17.206412511887486,1.0,60.0,True
412.69422236250807,Left,24.922520308529105,1.0500000000000114,57.14285714285652,True
413.19422236250807,Right,19.618030754769496,1.0500000000000114,57.14285714285652,True
413.7442223625081,Left,25.73575762665496,1.0500000000000114,57.14285714285652,True
414.2442223625081,Right,19.910452021172798,1.0500000000000114,57.14285714285652,True
414.7942223625081,Left,24.288494995557098,1.0500000000000114,57.14285714285652,True
415.24422236250814,Right,19.27098343009552,1.0000000000000568,59.99999999999659,True
415.79422236250815,Left,26.161141040878004,1.0000000000000568,59.99999999999659,True
416.24422236250814,Right,20.701680760736263,1.0,60.0,True
416.74422236250814,Left,24.83097172185588,0.9499999999999886,63.15789473684286,True
417.1942223625081,Right,15.041377037952259,0.9499999999999886,63.15789473684286,True
417.74422236250814,Left,24.2003712750324,1.0,60.0,True
418.24422236250814,Right,21.16859286579085,1.0500000000000114,57.14285714285652,True
418.74422236250814,Left,23.992762513495855,1.0,60.0,True
419.2442223625082,Right,16.812226631711177,1.0000000000000568,59.99999999999659,True
419.7442223625082,Left,23.823322368042383,1.0000000000000568,59.99999999999659,True
420.2442223625082,Right,20.21512813539163,1.0,60.0,True
420.6942223625082,Left,28.05011307665374,0.9499999999999886,63.15789473684286,True
421.1942223625082,Right,20.855337979443426,0.9499999999999886,63.15789473684286,True
421.6942223625082,Left,26.169215571279942,1.0,60.0,True
422.14422236250823,Right,18.101342607504034,0.9500000000000455,63.15789473683908,True
422.64422236250823,Left,24.799434710530015,0.9500000000000455,63.15789473683908,True
423.14422236250823,Right,19.355118445184523,1.0,60.0,True
423.64422236250823,Left,25.776129907384252,1.0,60.0,True
424.19422236250824,Right,19.653831800605698,1.0500000000000114,57.14285714285652,True
424.64422236250823,Left,23.88679314058541,1.0,60.0,True
425.19422236250824,Right,17.35168106277457,1.0,60.0,True
425.74422236250825,Left,24.287806605406807,1.1000000000000227,54.54545454545342,True
426.24422236250825,Right,19.22817855889982,1.0500000000000114,57.14285714285652,True
426.74422236250825,Left,25.223158296127302,1.0,60.0,True
427.2442223625083,Right,17.868897207558412,1.0000000000000568,59.99999999999659,True
427.7442223625083,Left,28.817332721481016,1.0000000000000568,59.99999999999659,True
428.2942223625083,Right,17.745555552043758,1.0500000000000114,57.14285714285652,True
428.7942223625083,Left,27.25242706631746,1.0500000000000114,57.14285714285652,True
429.2442223625083,Right,16.253548837425,0.9499999999999886,63.15789473684286,True
429.7942223625083,Left,23.009466249720425,1.0,60.0,True
430.2942223625083,Right,19.865742371864123,1.0500000000000114,57.14285714285652,True
430.74422236250837,Left,26.03386285455327,0.9500000000000455,63.15789473683908,True
431.24422236250837,Right,19.6482843605282,0.9500000000000455,63.15789473683908,True
431.74422236250837,Left,22.671566876874714,1.0,60.0,True
432.19422236250836,Right,20.308048710451768,0.9499999999999886,63.15789473684286,True
432.69422236250836,Left,24.456728370597798,0.9499999999999886,63.15789473684286,True
433.19422236250836,Right,21.940943481321973,1.0,60.0,True
433.69422236250836,Left,23.41991652035961,1.0,60.0,True
434.0942223625084,Right,18.858430958406892,0.9000000000000341,66.66666666666414,True
434.5442223625084,Left,22.62345415059663,0.8500000000000227,70.58823529411576,True
435.0442223625084,Right,19.412962971162752,0.9499999999999886,63.15789473684286,True
435.4942223625084,Left,25.128957457901667,0.9500000000000455,63.15789473683908,True
435.9442223625084,Right,21.432333064319245,0.9000000000000341,66.66666666666414,True
436.4442223625084,Left,25.702393810733223,0.9499999999999886,63.15789473684286,True
436.9442223625084,Right,19.39947286948122,1.0,60.0,True
437.4442223625084,Left,24.836893922816667,1.0,60.0,True
437.89422236250846,Right,19.62223244916401,0.9500000000000455,63.15789473683908,True
438.44422236250847,Left,23.985405442297182,1.0000000000000568,59.99999999999659,True
438.94422236250847,Right,20.81289655010315,1.0500000000000114,57.14285714285652,True
439.44422236250847,Left,24.420477360144712,1.0,60.0,True
439.94422236250847,Right,21.181454963100403,1.0,60.0,True
440.44422236250847,Left,27.169383540985717,1.0,60.0,True
440.94422236250847,Right,22.76489569512893,1.0,60.0,True
441.3942223625085,Left,27.609882420256064,0.9500000000000455,63.15789473683908,True
441.8942223625085,Right,17.07774498830164,0.9500000000000455,63.15789473683908,True
442.3442223625085,Left,25.213457881468546,0.9499999999999886,63.15789473684286,True
442.8442223625085,Right,18.83541914295023,0.9499999999999886,63.15789473684286,True
443.3442223625085,Left,26.2384594599798,1.0,60.0,True
443.79422236250855,Right,18.97687223998208,0.9500000000000455,63.15789473683908,True
444.3442223625085,Left,26.156240132478946,1.0,60.0,True
444.84422236250856,Right,20.78641217656015,1.0500000000000114,57.14285714285652,True
445.34422236250856,Left,26.835503917070973,1.0000000000000568,59.99999999999659,True
445.79422236250855,Right,20.07409675332448,0.9499999999999886,63.15789473684286,True
446.24422236250854,Left,23.022382110718674,0.8999999999999773,66.66666666666835,True
446.79422236250855,Right,21.38679664701482,1.0,60.0,True
447.2442223625086,Left,26.182687457703725,1.0000000000000568,59.99999999999659,True
447.7442223625086,Right,19.540784177604287,0.9500000000000455,63.15789473683908,True
448.1942223625086,Left,26.27562594481456,0.9499999999999886,63.15789473684286,True
448.6942223625086,Right,21.348255890782077,0.9499999999999886,63.15789473684286,True
449.1442223625086,Left,23.43944387522503,0.9499999999999886,63.15789473684286,True
449.6942223625086,Right,16.173945978259457,1.0,60.0,True
450.14422236250863,Left,27.899908317303424,1.0000000000000568,59.99999999999659,True
450.64422236250863,Right,18.45942345323123,0.9500000000000455,63.15789473683908,True
451.14422236250863,Left,24.33737997511053,1.0,60.0,True
451.64422236250863,Right,20.04393964211048,1.0,60.0,True
452.19422236250864,Left,28.804852416411848,1.0500000000000114,57.14285714285652,True
452.69422236250864,Right,21.759880838099953,1.0500000000000114,57.14285714285652,True
453.19422236250864,Left,25.045432029292652,1.0,60.0,True
453.6442223625087,Right,21.906156733481474,0.9500000000000455,63.15789473683908,True
454.1442223625087,Left,26.249535854900927,0.9500000000000455,63.15789473683908,True
454.5942223625087,Right,19.985690818784384,0.9499999999999886,63.15789473684286,True
455.0942223625087,Left,26.392836968402797,0.9499999999999886,63.15789473684286,True
455.54422236250866,Right,18.570137489341317,0.9499999999999886,63.15789473684286,True
455.9942223625087,Left,25.08603883601788,0.9000000000000341,66.66666666666414,True
456.5442223625087,Right,21.14811819731333,1.0000000000000568,59.99999999999659,True
457.0442223625087,Left,26.02067117861486,1.0500000000000114,57.14285714285652,True
457.5442223625087,Right,17.587556037067078,1.0,60.0,True
458.0442223625087,Left,28.93309169910077,1.0,60.0,True
458.5442223625087,Right,18.077821448742334,1.0,60.0,True
459.0442223625087,Left,29.281476207748547,1.0,60.0,True
459.5442223625088,Right,16.56379989142606,1.0000000000000568,59.99999999999659,True
460.09422236250873,Left,26.698682622052615,1.0500000000000114,57.14285714285652,True
460.5942223625088,Right,21.4899940106672,1.0500000000000114,57.14285714285652,True
461.1442223625088,Left,27.685732096347067,1.0500000000000682,57.14285714285343,True
461.5942223625088,Right,20.07550835228789,1.0,60.0,True
462.0942223625088,Left,25.448861310608116,0.9499999999999886,63.15789473684286,True
462.5942223625088,Right,19.44682664473541,1.0,60.0,True
463.0442223625088,Left,30.114991925717653,0.9499999999999886,63.15789473684286,True
463.5442223625088,Right,17.984968830312003,0.9499999999999886,63.15789473684286,True
463.9942223625088,Left,28.145111415431455,0.9500000000000455,63.15789473683908,True
464.4442223625088,Right,15.90065803111239,0.9000000000000341,66.66666666666414,True
464.9442223625088,Left,28.576785669486107,0.9499999999999886,63.15789473684286,True
465.39422236250886,Right,18.36768721677878,0.9500000000000455,63.15789473683908,True
465.94422236250887,Left,22.95787417772004,1.0000000000000568,59.99999999999659,True
466.39422236250886,Right,18.737186647739623,1.0,60.0,True
466.89422236250886,Left,27.460510311059313,0.9499999999999886,63.15789473684286,True
467.44422236250887,Right,21.24654913549927,1.0500000000000114,57.14285714285652,True
467.89422236250886,Left,29.106410383446406,1.0,60.0,True
468.39422236250886,Right,18.011318389552383,0.9499999999999886,63.15789473684286,True
468.89422236250886,Left,23.07910039830471,1.0,60.0,True
469.3942223625089,Right,18.14527340723596,1.0000000000000568,59.99999999999659,True
469.8942223625089,Left,27.350776456662565,1.0000000000000568,59.99999999999659,True
470.3442223625089,Right,21.27078899395726,0.9499999999999886,63.15789473684286,True
470.8942223625089,Left,24.125310527621874,1.0,60.0,True
471.3442223625089,Right,19.406386833169847,1.0,60.0,True
471.8442223625089,Left,27.633710710794094,0.9499999999999886,63.15789473684286,True
472.34422236250896,Right,19.47646017794833,1.0000000000000568,59.99999999999659,True
472.79422236250895,Left,25.54482569094211,0.9500000000000455,63.15789473683908,True
473.29422236250895,Right,18.285915385322447,0.9499999999999886,63.15789473684286,True
473.79422236250895,Left,24.780724630885793,1.0,60.0,True
474.29422236250895,Right,18.548897019862927,1.0,60.0,True
474.79422236250895,Left,25.434013310369416,1.0,60.0,True
475.29422236250895,Right,23.44073543234424,1.0,60.0,True
475.794222362509,Left,28.242063591459022,1.0000000000000568,59.99999999999659,True
476.294222362509,Right,19.586142108085475,1.0000000000000568,59.99999999999659,True
476.794222362509,Left,26.315802881835783,1.0,60.0,True
477.294222362509,Right,20.96042424423266,1.0,60.0,True
477.744222362509,Left,25.36952055816809,0.9499999999999886,63.15789473684286,True
478.244222362509,Right,20.46154866091132,0.9499999999999886,63.15789473684286,True
478.794222362509,Left,28.60698752043305,1.0500000000000114,57.14285714285652,True
479.24422236250905,Right,22.394015335447715,1.0000000000000568,59.99999999999659,True
479.74422236250905,Left,23.60638527781645,0.9500000000000455,63.15789473683908,True
480.24422236250905,Right,19.400520565997994,1.0,60.0,True
480.74422236250905,Left,27.077998322933354,1.0,60.0,True
481.24422236250905,Right,19.003479288982707,1.0,60.0,True
481.74422236250905,Left,26.750618059912718,1.0,60.0,True
482.24422236250905,Right,22.54792955800582,1.0,60.0,True
482.74422236250905,Left,28.092092940778645,1.0,60.0,True
483.1942223625091,Right,19.030628323852387,0.9500000000000455,63.15789473683908,True
483.6942223625091,Left,23.17396113437549,0.9500000000000455,63.15789473683908,True
484.1442223625091,Right,19.812281392002394,0.9499999999999886,63.15789473684286,True
484.6942223625091,Left,23.822690223287758,1.0,60.0,True
485.1942223625091,Right,17.852895350585843,1.0500000000000114,57.14285714285652,True
485.6942223625091,Left,27.321248484100323,1.0,60.0,True
486.19422236250915,Right,18.664145398117665,1.0000000000000568,59.99999999999659,True
486.69422236250915,Left,25.076985747938732,1.0000000000000568,59.99999999999659,True
487.14422236250914,Right,21.01400869427806,0.9499999999999886,63.15789473684286,True
487.64422236250914,Left,25.059900145119762,0.9499999999999886,63.15789473684286,True
488.19422236250915,Right,17.17708679484484,1.0500000000000114,57.14285714285652,True
488.64422236250914,Left,26.119737669935738,1.0,60.0,True
489.0942223625092,Right,18.791233063322522,0.9000000000000341,66.66666666666414,True
489.5942223625092,Left,24.094347903367428,0.9500000000000455,63.15789473683908,True
490.0442223625092,Right,20.959432631929268,0.9499999999999886,63.15789473684286,True
490.49422236250916,Left,31.215666838572627,0.8999999999999773,66.66666666666835,True
490.9442223625092,Right,21.419070274019255,0.9000000000000341,66.66666666666414,True
491.4442223625092,Left,26.542849826256884,0.9500000000000455,63.15789473683908,True
491.8942223625092,Right,16.340354625176364,0.9499999999999886,63.15789473684286,True
492.3442223625092,Left,22.946504293746735,0.8999999999999773,66.66666666666835,True
492.79422236250923,Right,18.701563203010874,0.9000000000000341,66.66666666666414,True
493.29422236250923,Left,27.85426437519675,0.9500000000000455,63.15789473683908,True
493.79422236250923,Right,15.974932834713817,1.0,60.0,True
494.29422236250923,Left,24.526807131504025,1.0,60.0,True
494.7442223625093,Right,18.288003218724235,0.9500000000000455,63.15789473683908,True
495.2442223625093,Left,27.309183504408843,0.9500000000000455,63.15789473683908,True
495.84422236250924,Right,19.338564739945546,1.099999999999966,54.54545454545624,True
496.3442223625093,Left,28.901184887118028,1.1000000000000227,54.54545454545342,True
496.8442223625093,Right,19.146668647159053,1.0000000000000568,59.99999999999659,True
497.3442223625093,Left,28.17440781030868,1.0,60.0,True
497.8442223625093,Right,15.919289426386104,1.0,60.0,True
498.3442223625093,Left,24.416692565892635,1.0,60.0,True
498.7942223625093,Right,20.20790128884942,0.9499999999999886,63.15789473684286,True
499.2942223625093,Left,28.326801819289194,0.9499999999999886,63.15789473684286,True
499.8442223625093,Right,21.453706639254627,1.0500000000000114,57.14285714285652,True
500.29422236250934,Left,27.07384851321687,1.0000000000000568,59.99999999999659,True
500.79422236250934,Right,19.364723416565354,0.9500000000000455,63.15789473683908,True
501.29422236250934,Left,25.42695296771686,1.0,60.0,True
501.79422236250934,Right,19.97766618823356,1.0,60.0,True
502.29422236250934,Left,29.04324824501947,1.0,60.0,True
502.79422236250934,Right,17.254570540969155,1.0,60.0,True
503.29422236250934,Left,25.907683806740398,1.0,60.0,True
503.7942223625094,Right,17.639695536367046,1.0000000000000568,59.99999999999659,True
504.2442223625094,Left,27.271758476347294,0.9500000000000455,63.15789473683908,True
504.7442223625094,Right,21.149683891231597,0.9499999999999886,63.15789473684286,True
505.2442223625094,Left,22.950629970910207,1.0,60.0,True
505.7442223625094,Right,21.36550671122274,1.0,60.0,True
506.2442223625094,Left,24.17764742992958,1.0,60.0,True
506.7942223625094,Right,18.538645106912654,1.0500000000000114,57.14285714285652,True
507.24422236250945,Left,29.531782404640694,1.0000000000000568,59.99999999999659,True
507.79422236250946,Right,22.165006684202112,1.0000000000000568,59.99999999999659,True
508.19422236250944,Left,33.10107159560772,0.9499999999999886,63.15789473684286,True
508.6442223625094,Right,14.53480099637379,0.8499999999999659,70.58823529412048,True
509.19422236250944,Left,25.97515871320445,1.0,60.0,True
509.6442223625095,Right,17.76348176586673,1.0000000000000568,59.99999999999659,True
510.1442223625095,Left,25.176656422180834,0.9500000000000455,63.15789473683908,True
510.59422236250947,Right,20.74949098421782,0.9499999999999886,63.15789473684286,True
511.09422236250947,Left,25.050830861144817,0.9499999999999886,63.15789473684286,True
511.54422236250946,Right,19.799224105501242,0.9499999999999886,63.15789473684286,True
511.9942223625095,Left,23.488485748216316,0.9000000000000341,66.66666666666414,True
512.4942223625095,Right,17.319938137349293,0.9500000000000455,63.15789473683908,True
512.9942223625095,Left,26.887746224393123,1.0,60.0,True
513.5442223625096,Right,22.664910801444513,1.0500000000000682,57.14285714285343,True
513.9942223625095,Left,26.504380764731298,1.0,60.0,True
514.5442223625096,Right,20.45951363340138,1.0,60.0,True
515.0442223625096,Left,25.641134651307578,1.0500000000000682,57.14285714285343,True
515.4942223625096,Right,19.579353252149897,0.9500000000000455,63.15789473683908,True
515.9442223625095,Left,24.88274735464116,0.8999999999999773,66.66666666666835,True
516.3942223625096,Right,21.385653498189313,0.8999999999999773,66.66666666666835,True
516.8442223625096,Left,26.810109139760204,0.900000000000091,66.66666666665994,True
517.2942223625096,Right,18.782663439939675,0.8999999999999773,66.66666666666835,True
517.6942223625095,Left,24.95385699006743,0.849999999999909,70.5882352941252,True
518.1442223625096,Right,20.736986328657856,0.8500000000000227,70.58823529411576,True
518.5942223625096,Left,20.83982929833954,0.900000000000091,66.66666666665994,True
519.1442223625096,Right,19.75744756295063,1.0,60.0,True
519.5942223625096,Left,30.06638902527833,1.0,60.0,True
520.0942223625096,Right,17.333863188168074,0.9500000000000455,63.15789473683908,True
520.5942223625096,Left,29.896985730485433,1.0,60.0,True
521.1442223625096,Right,18.148152509697567,1.0499999999999545,57.14285714285962,True
521.6442223625097,Left,28.365126024415595,1.0500000000000682,57.14285714285343,True
522.1442223625097,Right,19.064687107359422,1.0000000000001137,59.99999999999318,True
522.6442223625097,Left,25.742536307320545,1.0,60.0,True
523.1442223625097,Right,18.92695176411265,1.0,60.0,True
523.6942223625097,Left,26.38776099197536,1.0499999999999545,57.14285714285962,True
524.2442223625097,Right,19.31013369229724,1.1000000000000227,54.54545454545342,True
524.7942223625097,Left,29.9771825428925,1.1000000000000227,54.54545454545342,True
525.3442223625098,Right,18.561431366440612,1.1000000000000227,54.54545454545342,True
525.8442223625098,Left,27.324540301313,1.0500000000000682,57.14285714285343,True
526.3442223625098,Right,18.66054744979983,1.0,60.0,True
526.8942223625097,Left,26.255880192055535,1.0499999999999545,57.14285714285962,True
527.4442223625098,Right,20.261813973765413,1.1000000000000227,54.54545454545342,True
527.9442223625098,Left,27.185436442793094,1.0500000000000682,57.14285714285343,True
528.4442223625098,Right,20.917582958223957,1.0,60.0,True
528.9442223625098,Left,26.356974296487568,1.0,60.0,True
529.4942223625097,Right,18.738176321571334,1.0499999999999545,57.14285714285962,True
529.9942223625097,Left,26.069190281497278,1.0499999999999545,57.14285714285962,True
530.4942223625097,Right,19.691226613357642,1.0,60.0,True
531.0442223625098,Left,25.550422560707073,1.0500000000000682,57.14285714285343,True
531.5442223625098,Right,19.69884259345292,1.0500000000000682,57.14285714285343,True
532.0942223625098,Left,24.99059361562268,1.0499999999999545,57.14285714285962,True
532.6442223625098,Right,20.489475039797743,1.1000000000000227,54.54545454545342,True
533.1942223625098,Left,28.512999463827715,1.1000000000000227,54.54545454545342,True
533.6942223625098,Right,22.77952611447335,1.0499999999999545,57.14285714285962,True
534.2442223625098,Left,27.38423481832597,1.0500000000000682,57.14285714285343,True
534.7442223625098,Right,19.0213114613391,1.0500000000000682,57.14285714285343,True
535.2442223625098,Left,23.742169955449253,1.0,60.0,True
535.7442223625098,Right,19.2222074571608,1.0,60.0,True
536.2442223625098,Left,25.454992683813067,1.0,60.0,True
536.8442223625099,Right,22.290318384768394,1.1000000000000227,54.54545454545342,True
537.2942223625098,Left,26.14658990050171,1.0499999999999545,57.14285714285962,True
537.8942223625098,Right,19.727321852254263,1.0499999999999545,57.14285714285962,True
538.3442223625099,Left,24.38567195730188,1.0500000000000682,57.14285714285343,True
538.8942223625098,Right,21.13095452545293,1.0,60.0,True
539.3442223625099,Left,24.77667266802357,1.0,60.0,True
539.8942223625099,Right,16.468077032928914,1.0000000000001137,59.99999999999318,True
540.3942223625099,Left,29.746356583385555,1.0500000000000682,57.14285714285343,True
540.8942223625099,Right,22.898197279476108,1.0,60.0,True
541.3942223625099,Left,25.108485306710527,1.0,60.0,True
541.8942223625099,Right,19.292445387370655,1.0,60.0,True
542.3942223625099,Left,26.940401120821434,1.0,60.0,True
542.84422236251,Right,22.458715560534422,0.9500000000000455,63.15789473683908,True
543.34422236251,Left,23.307041420241248,0.9500000000000455,63.15789473683908,True
543.8942223625099,Right,17.46278294831577,1.0499999999999545,57.14285714285962,True
544.34422236251,Left,27.201350333628955,1.0,60.0,True
544.7942223625099,Right,21.01285863902259,0.8999999999999773,66.66666666666835,True
545.2942223625099,Left,23.82815670045368,0.9499999999999318,63.15789473684664,True
545.74422236251,Right,19.766545095735033,0.9500000000000455,63.15789473683908,True
546.29422236251,Left,25.986187103343724,1.0000000000001137,59.99999999999318,True
546.74422236251,Right,18.85055955818619,1.0,60.0,True
547.24422236251,Left,23.953005194624247,0.9499999999999318,63.15789473684664,True
547.74422236251,Right,18.831251731992626,1.0,60.0,True
548.24422236251,Left,25.85825982270323,1.0,60.0,True
548.79422236251,Right,18.50417424826838,1.0500000000000682,57.14285714285343,True
549.2442223625101,Left,25.198725247174306,1.0000000000001137,59.99999999999318,True
549.79422236251,Right,20.341886075241217,1.0,60.0,True
550.2442223625101,Left,28.498564342509468,1.0,60.0,True
550.79422236251,Right,21.06725619852361,1.0,60.0,True
551.29422236251,Left,31.061961800448284,1.0499999999999545,57.14285714285962,True
551.8442223625101,Right,21.560394107809795,1.0500000000000682,57.14285714285343,True
552.29422236251,Left,26.783979453946102,1.0,60.0,True
552.79422236251,Right,17.92821016062507,0.9499999999999318,63.15789473684664,True
553.3442223625101,Left,26.845320849085585,1.0500000000000682,57.14285714285343,True
553.8442223625101,Right,22.074977300741644,1.0500000000000682,57.14285714285343,True
554.3442223625101,Left,27.611519646181712,1.0,60.0,True
554.7942223625101,Right,22.079032010067102,0.9500000000000455,63.15789473683908,True
555.2442223625101,Left,23.430300181122107,0.8999999999999773,66.66666666666835,True
555.7442223625101,Right,19.09065766963268,0.9499999999999318,63.15789473684664,True
556.2442223625101,Left,25.093863451957525,1.0,60.0,True
556.7442223625101,Right,17.99197504069021,1.0,60.0,True
557.2442223625102,Left,27.53076891806389,1.0000000000001137,59.99999999999318,True
557.7442223625102,Right,19.423994860331042,1.0000000000001137,59.99999999999318,True
558.1942223625101,Left,28.62843580803122,0.9499999999999318,63.15789473684664,True
558.7442223625102,Right,19.23220412907306,1.0,60.0,True
559.1942223625101,Left,25.837639946683815,1.0,60.0,True
559.7442223625102,Right,18.262407686916653,1.0,60.0,True
560.1942223625102,Left,27.54120653250518,1.0000000000001137,59.99999999999318,True
560.7442223625102,Right,19.952971725536536,1.0,60.0,True
561.2442223625102,Left,26.505978838892315,1.0499999999999545,57.14285714285962,True
561.7942223625103,Right,17.142068530715665,1.0500000000000682,57.14285714285343,True
562.2942223625103,Left,28.13900569808909,1.0500000000000682,57.14285714285343,True
562.8442223625102,Right,20.02727536298236,1.0499999999999545,57.14285714285962,True
563.3442223625102,Left,24.82965690626973,1.0499999999999545,57.14285714285962,True
563.8442223625102,Right,18.47235810039414,1.0,60.0,True
564.3942223625103,Left,24.34478478941137,1.0500000000000682,57.14285714285343,True
564.8942223625103,Right,18.857056048888104,1.0500000000000682,57.14285714285343,True
565.4442223625102,Left,26.590494137703285,1.0499999999999545,57.14285714285962,True
565.9442223625102,Right,22.04201188501501,1.0499999999999545,57.14285714285962,True
566.4942223625103,Left,30.2358409031173,1.0500000000000682,57.14285714285343,True
567.0442223625103,Right,21.909363404150515,1.1000000000000227,54.54545454545342,True
567.5442223625103,Left,27.237193741357032,1.0499999999999545,57.14285714285962,True
568.0442223625103,Right,18.31987902738015,1.0,60.0,True
568.4942223625103,Left,24.585393185628867,0.9500000000000455,63.15789473683908,True
568.9442223625103,Right,19.582206443576062,0.900000000000091,66.66666666665994,True
569.4442223625103,Left,27.334852147693248,0.9500000000000455,63.15789473683908,True
569.9442223625103,Right,21.821294414209667,1.0,60.0,True
570.4442223625103,Left,26.510980234199316,1.0,60.0,True
570.9442223625103,Right,20.392655894437432,1.0,60.0,True
571.4442223625103,Left,25.72403195305885,1.0,60.0,True
571.9442223625103,Right,21.381309568187767,1.0,60.0,True
572.4942223625103,Left,29.760727807220597,1.0499999999999545,57.14285714285962,True
572.9942223625104,Right,15.992024317038602,1.0500000000000682,57.14285714285343,True
573.4442223625103,Left,24.535209884964676,0.9500000000000455,63.15789473683908,True
573.9442223625103,Right,19.757379999455864,0.9499999999999318,63.15789473684664,True
574.4442223625103,Left,27.861581872582256,1.0,60.0,True
574.8942223625104,Right,20.746002239730096,0.9500000000000455,63.15789473683908,True
575.4442223625103,Left,27.67285529478953,1.0,60.0,True
575.8942223625104,Right,19.43792166019666,1.0,60.0,True
576.4442223625105,Left,26.27108807369417,1.0000000000001137,59.99999999999318,True
576.9442223625105,Right,18.43050836829309,1.0500000000000682,57.14285714285343,True
577.4442223625105,Left,25.639551264777527,1.0,60.0,True
577.8942223625104,Right,18.80103669172958,0.9499999999999318,63.15789473684664,True
578.3942223625104,Left,26.290396119993762,0.9499999999999318,63.15789473684664,True
578.8942223625104,Right,20.601159844318985,1.0,60.0,True
579.3442223625104,Left,25.707578859304732,0.9500000000000455,63.15789473683908,True
579.8942223625105,Right,18.509740682589204,1.0000000000001137,59.99999999999318,True
580.3942223625105,Left,26.863198487886574,1.0500000000000682,57.14285714285343,True
580.8942223625105,Right,16.852062538771193,1.0,60.0,True
581.3942223625105,Left,22.091403886276765,1.0,60.0,True
581.9442223625105,Right,17.894718093915493,1.0499999999999545,57.14285714285962,True
582.4942223625105,Left,28.843313714615306,1.1000000000000227,54.54545454545342,True
582.9942223625105,Right,18.66759848334188,1.0500000000000682,57.14285714285343,True
583.4442223625105,Left,27.502700871023542,0.9499999999999318,63.15789473684664,True
583.9942223625105,Right,18.57759987241182,1.0,60.0,True
584.4942223625105,Left,27.52318072946617,1.0500000000000682,57.14285714285343,True
584.9942223625105,Right,22.716098137886668,1.0,60.0,True
585.5442223625105,Left,27.99173701536044,1.0499999999999545,57.14285714285962,True
586.0442223625106,Right,19.443076185867557,1.0500000000000682,57.14285714285343,True
586.4942223625105,Left,24.59619730925015,0.9500000000000455,63.15789473683908,True
586.9942223625105,Right,19.4191692182197,0.9499999999999318,63.15789473684664,True
587.4942223625105,Left,26.337982253875914,1.0,60.0,True
587.9442223625106,Right,20.639830456050536,0.9500000000000455,63.15789473683908,True
588.3942223625106,Left,26.272337229956026,0.900000000000091,66.66666666665994,True
588.9442223625106,Right,18.134237003799264,1.0,60.0,True
589.3942223625106,Left,26.95965956703816,1.0,60.0,True
589.8942223625106,Right,18.802255039024132,0.9500000000000455,63.15789473683908,True
590.3942223625106,Left,24.29538693626214,1.0,60.0,True
590.8942223625106,Right,18.956369719946288,1.0,60.0,True
591.3942223625106,Left,26.069224629386373,1.0,60.0,True
591.9442223625106,Right,19.847940257356363,1.0499999999999545,57.14285714285962,True
592.4442223625107,Left,27.406902688456277,1.0500000000000682,57.14285714285343,True
592.9942223625106,Right,19.13985401516029,1.0500000000000682,57.14285714285343,True
593.4942223625106,Left,27.03727476028083,1.0499999999999545,57.14285714285962,True
593.9942223625106,Right,18.3861949894519,1.0,60.0,True
594.5442223625107,Left,25.60667048856331,1.0500000000000682,57.14285714285343,True
595.0442223625107,Right,21.337826840444183,1.0500000000000682,57.14285714285343,True
595.5442223625107,Left,29.337924565833077,1.0,60.0,True
596.0442223625107,Right,19.46500101612589,1.0,60.0,True
596.5442223625107,Left,28.31926769481057,1.0,60.0,True
596.9942223625108,Right,17.299908768025652,0.9500000000000455,63.15789473683908,True
597.4942223625108,Left,26.246406483426,0.9500000000000455,63.15789473683908,True
597.9442223625107,Right,19.980996983261058,0.9499999999999318,63.15789473684664,True
598.4442223625107,Left,26.428193751884464,0.9499999999999318,63.15789473684664,True
598.9442223625107,Right,17.633463573257806,1.0,60.0,True
599.4442223625107,Left,26.947044776161608,1.0,60.0,True
599.9442223625108,Right,18.56191641926908,1.0000000000001137,59.99999999999318,True
600.3942223625107,Left,27.36723184663404,0.9500000000000455,63.15789473683908,True
600.9942223625108,Right,18.759014744498415,1.0499999999999545,57.14285714285962,True
601.4942223625108,Left,25.88827438297554,1.1000000000000227,54.54545454545342,True
601.9942223625108,Right,19.22549959771749,1.0,60.0,True
602.4442223625108,Left,26.88344184112778,0.9500000000000455,63.15789473683908,True
602.9942223625108,Right,21.77417550821655,1.0,60.0,True
603.5442223625108,Left,26.863118289836848,1.1000000000000227,54.54545454545342,True
604.0442223625108,Right,20.913675352782207,1.0500000000000682,57.14285714285343,True
604.5442223625108,Left,25.79363734859575,1.0,60.0,True
605.0942223625108,Right,18.942103918670284,1.0499999999999545,57.14285714285962,True
605.5942223625108,Left,30.148862865730013,1.0499999999999545,57.14285714285962,True
606.0942223625108,Right,17.084435393490892,1.0,60.0,True
606.5442223625108,Left,27.231991251200107,0.9500000000000455,63.15789473683908,True
607.0442223625108,Right,18.121259392413766,0.9500000000000455,63.15789473683908,True
607.4442223625108,Left,22.49270589967032,0.8999999999999773,66.66666666666835,True
607.9942223625109,Right,14.550032900799124,0.9500000000000455,63.15789473683908,True
608.4442223625109,Left,27.03938646451085,1.0000000000001137,59.99999999999318,True
608.8942223625108,Right,19.134197957230178,0.8999999999999773,66.66666666666835,True
609.4442223625109,Left,27.426922304059513,1.0,60.0,True
609.8942223625108,Right,16.43615925694819,1.0,60.0,True
610.3942223625108,Left,25.031857979778955,0.9499999999999318,63.15789473684664,True
610.9442223625109,Right,17.981997993197375,1.0500000000000682,57.14285714285343,True
611.394222362511,Left,29.265983190302336,1.0000000000001137,59.99999999999318,True
611.9442223625109,Right,21.193036668657708,1.0,60.0,True
612.4442223625109,Left,24.467116400839668,1.0499999999999545,57.14285714285962,True
612.894222362511,Right,15.685930821352565,0.9500000000000455,63.15789473683908,True
613.394222362511,Left,28.206546021871826,0.9500000000000455,63.15789473683908,True
613.894222362511,Right,18.317703517004144,1.0,60.0,True
614.3442223625109,Left,26.022807234354048,0.9499999999999318,63.15789473684664,True
614.844222362511,Right,20.776397232029943,0.9500000000000455,63.15789473683908,True
615.2942223625109,Left,27.39085377549556,0.9500000000000455,63.15789473683908,True
615.7942223625109,Right,12.114049578703677,0.9499999999999318,63.15789473684664,True
616.244222362511,Left,27.668980433879447,0.9500000000000455,63.15789473683908,True
616.694222362511,Right,17.963289306836877,0.900000000000091,66.66666666665994,True
617.144222362511,Left,25.074555251963503,0.8999999999999773,66.66666666666835,True
617.644222362511,Right,18.05535587623237,0.9499999999999318,63.15789473684664,True
618.094222362511,Left,26.90608225722834,0.9500000000000455,63.15789473683908,True
