channel,side,median_rms_uv,p90_rms_uv,cycle_consistency,usable_cycles,missing_percent
L TIBIALIS ANTERIOR: EMG 11,Left,5.915072293495076,16.405070707390205,0.8246366069069131,601,0.01649133972392104
L BICEPS FEMORIS: EMG 2,Left,8.931161539642604,20.038874427490605,0.8833543454447472,602,0.00882635083815492
R BICEPS FEMORIS: EMG 1,Right,7.4288930579295815,27.712514428062075,0.9027442267553725,602,0.00882635083815492
R TIBIALIS ANTERIOR: EMG 10,Right,6.248381715281268,35.99864307388172,0.9242802300658417,602,0.00882635083815492
R RECTUS FEMORIS: EMG 5,Right,15.729368595785612,40.006159414630176,0.9389031332516324,602,0.00882635083815492
L GASTROCNEMIUS: EMG 13,Left,15.561924713942473,43.04168778495036,0.9427239179792696,602,0.00882635083815492
R GASTROCNEMIUS: EMG 12,Right,11.043500499993787,36.87703702574843,0.9447902378012927,602,0.00882635083815492
R SOLEUS: EMG 14,Right,9.958669089124509,34.191121641649644,0.9511203806694929,602,0.00882635083815492
L SOLEUS: EMG 16,Left,10.077881569100125,32.25196055480395,0.9568589834997379,602,0.00882635083815492
L RECTUS FEMORIS: EMG 6,Left,8.83567728994274,36.83251479568264,0.9594529579773587,602,0.00882635083815492
R VASTUS LATERALIS: EMG 7,Right,5.2195570608321775,78.86615862117598,0.9662930934561992,601,0.030659955543064464
R VASTUS MEDIALIS: EMG 3,Right,8.39727176153823,122.0468166903,0.9664454191364175,602,0.00882635083815492
L VASTUS LATERALIS: EMG 8,Left,6.204450075745938,98.55597531827634,0.9701549733678887,602,0.00882635083815492
L VASTUS MEDIALIS: EMG 4,Left,9.011545949153064,114.19988556349999,0.9711166920074437,602,0.00882635083815492
